frame	elapsed_ms	fix	route_kmh	sign_red	dial_ink	map_mean	map_sd	map_rmse
00000	0	1	57.0	0.0000	0.0000	0.5479	0.0229	
00001	3362	4	53.4	0.0000	0.0000	0.5392	0.0245	0.022188
00002	6705	7	54.0	0.0000	0.0000	0.5382	0.0245	0.016207
00003	10072	11	47.1	0.0000	0.0661	0.5384	0.0250	0.024719
00004	13407	14	46.3	0.0000	0.0661	0.5405	0.0254	0.025509
00005	16729	17	25.6	0.0000	0.0771	0.5431	0.0248	0.038216
00006	20065	20	22.6	0.0000	0.0821	0.5457	0.0235	0.034470
00007	23397	24	22.9	0.0000	0.0766	0.5474	0.0231	0.023513
00008	26736	27	45.6	0.0000	0.0772	0.5444	0.0239	0.038894
00009	30059	30	30.3	0.0000	0.0815	0.5422	0.0239	0.033995
00010	33429	34	32.2	0.0000	0.0639	0.5417	0.0239	0.028783
00011	36750	37	50.2	0.0000	0.0766	0.5433	0.0240	0.018846
00012	40101	40	53.9	0.0000	0.0793	0.5399	0.0248	0.032773
00013	43475	44	56.0	0.0000	0.0848	0.5388	0.0247	0.029393
00014	46817	47	54.7	0.0000	0.0706	0.5384	0.0247	0.023521
00015	50188	50	56.9	0.0000	0.0848	0.5381	0.0246	0.032383
00016	53542	53	56.6	0.0000	0.0706	0.5381	0.0246	0.028580
00017	56915	57	54.9	0.0000	0.0848	0.5382	0.0245	0.022177
00018	60278	60	55.3	0.0000	0.0815	0.5383	0.0243	0.031586
00019	63659	63	55.8	0.0000	0.0848	0.5383	0.0243	0.028148
00020	67003	67	56.1	0.0000	0.0771	0.5383	0.0242	0.020261
00021	70380	70	48.6	0.0000	0.0787	0.5389	0.0243	0.032807
00022	73731	73	41.9	0.0000	0.0663	0.5428	0.0241	0.030072
00023	77101	77	44.0	0.0000	0.0744	0.5431	0.0240	0.026344
00024	80440	80	48.5	0.0000	0.0771	0.5428	0.0240	0.026091
00025	83764	83	51.0	0.0000	0.0805	0.5425	0.0239	0.033410
00026	87080	86	50.9	0.0000	0.0661	0.5384	0.0244	0.031503
00027	90439	90	48.4	0.0000	0.0661	0.5390	0.0244	0.018314
00028	93761	93	44.4	0.0565	0.0673	0.5424	0.0242	0.037175
00029	97099	96	41.6	0.0573	0.0781	0.5427	0.0242	0.033522
00030	100408	100	41.2	0.0573	0.0754	0.5427	0.0243	0.023886
00031	103727	103	42.2	0.0573	0.0627	0.5427	0.0242	0.037573
00032	107082	106	43.4	0.0573	0.0760	0.5426	0.0242	0.034269
00033	110406	109	43.8	0.0573	0.0738	0.5425	0.0243	0.025138
00034	113703	113	44.2	0.0573	0.0738	0.5425	0.0243	0.021404
00035	117020	116	44.0	0.0573	0.0760	0.5441	0.0241	0.050006
00036	120373	119	43.3	0.0573	0.0760	0.5426	0.0242	0.049952
00037	123736	123	35.8	0.0573	0.0639	0.5424	0.0243	0.027193
00038	127084	126	43.4	0.0573	0.0837	0.5426	0.0243	0.035604
00039	130432	129	41.7	0.0573	0.0760	0.5424	0.0242	0.030411
00040	133800	132	39.5	0.0573	0.0754	0.5424	0.0242	0.028551
00041	137080	136	37.9	0.0573	0.0837	0.5424	0.0242	0.020585
00042	140403	139	38.8	0.0573	0.0847	0.5425	0.0242	0.036387
00043	143758	142	40.3	0.0573	0.0803	0.5424	0.0241	0.033373
00044	147127	146	40.3	0.0573	0.0803	0.5424	0.0242	0.024694
00045	150534	149	41.3	0.0573	0.0754	0.5426	0.0242	0.018347
00046	153849	152	40.8	0.0573	0.0627	0.5425	0.0242	0.031612
00047	157156	155	40.5	0.0573	0.0627	0.5425	0.0242	0.028661
00048	160471	159	40.0	0.0573	0.0803	0.5425	0.0242	0.019625
00049	163766	162	39.3	0.0573	0.0803	0.5428	0.0245	0.023452
00050	167099	165	38.5	0.0573	0.0837	0.5428	0.0246	0.033280
00051	170423	168	38.7	0.0573	0.0837	0.5428	0.0247	0.027768
00052	173772	172	38.1	0.0573	0.0837	0.5437	0.0245	0.037225
00053	177105	175	38.2	0.0573	0.0847	0.5429	0.0244	0.029742
00054	180385	178	39.6	0.0573	0.0837	0.5426	0.0243	0.031085
00055	183715	181	39.8	0.0573	0.0803	0.5427	0.0246	0.021739
00056	186992	185	40.4	0.0573	0.0803	0.5425	0.0247	0.025497
00057	190317	188	41.2	0.0573	0.0808	0.5316	0.0147	0.041228
00058	193620	191	43.0	0.0573	0.0760	0.5432	0.0246	0.041443
00059	196926	194	43.8	0.0573	0.0738	0.5425	0.0247	0.034137
00060	200253	198	41.2	0.0573	0.0451	0.5372	0.0159	0.040826
00061	203552	201	41.2	0.0573	0.0754	0.5428	0.0244	0.040565
00062	206874	204	42.2	0.0573	0.0627	0.5425	0.0245	0.034356
00063	210210	208	42.4	0.0573	0.0837	0.5365	0.0168	0.041410
00064	213500	211	42.1	0.0573	0.0760	0.5428	0.0246	0.041632
00065	216846	214	41.9	0.0573	0.0754	0.5428	0.0247	0.036190
00066	220151	217	41.1	0.0573	0.0627	0.5440	0.0246	0.051034
00067	223462	221	40.8	0.0573	0.0627	0.5434	0.0247	0.051180
00068	226860	224	40.9	0.0573	0.0627	0.5444	0.0250	0.039965
00069	230198	227	39.6	0.0573	0.0803	0.5445	0.0248	0.033442
00070	233554	230	38.8	0.0573	0.0837	0.5436	0.0248	0.038338
00071	236885	234	34.5	0.0573	0.0552	0.5325	0.0144	0.040884
00072	240203	237	15.2	0.0573	0.0793	0.5438	0.0249	0.041119
00073	243562	240	15.2	0.0573	0.0661	0.5465	0.0242	0.038843
00074	246885	244	32.3	0.0573	0.0661	0.5372	0.0161	0.042506
00075	250198	247	37.7	0.0573	0.0766	0.5444	0.0246	0.042144
00076	253538	250	37.5	0.0573	0.0847	0.5438	0.0246	0.033539
00077	256911	253	38.9	0.0574	0.0837	0.5437	0.0243	0.030333
00078	260259	257	41.9	0.0573	0.0754	0.5432	0.0244	0.022597
00079	263655	260	42.3	0.0573	0.0754	0.5426	0.0241	0.032385
00080	266966	263	39.9	0.0573	0.0803	0.5437	0.0243	0.040787
00081	270304	267	36.4	0.0573	0.0847	0.5429	0.0245	0.046129
00082	273620	270	32.4	0.0573	0.0694	0.5433	0.0244	0.035790
00083	276941	273	29.7	0.0573	0.0766	0.5448	0.0242	0.050058
00084	280260	277	26.3	0.0573	0.0814	0.5426	0.0243	0.050298
00085	283579	280	26.3	0.0573	0.0821	0.5459	0.0236	0.020068
00086	286919	283	27.5	0.0573	0.0679	0.5452	0.0238	0.049823
00087	290238	286	29.2	0.0573	0.0821	0.5455	0.0237	0.050246
00088	293558	290	29.3	0.0573	0.0821	0.5428	0.0243	0.024534
00089	296888	293	26.4	0.0573	0.0821	0.5437	0.0243	0.036927
00090	300242	296	26.2	0.0573	0.0821	0.5464	0.0234	0.033841
00091	303569	299	27.3	0.0573	0.0682	0.5292	0.0150	0.046040
00092	306863	303	28.3	0.0573	0.0832	0.5467	0.0234	0.046295
00093	310204	306	27.8	0.0573	0.0832	0.5470	0.0234	0.035457
00094	313534	309	27.7	0.0573	0.0760	0.5322	0.0142	0.041383
00095	316815	312	27.7	0.0573	0.0832	0.5478	0.0232	0.041937
00096	320126	316	28.1	0.0573	0.0832	0.5475	0.0234	0.020001
00097	323446	319	27.3	0.0573	0.0679	0.5451	0.0238	0.050667
00098	326747	322	29.1	0.0573	0.0822	0.5461	0.0238	0.050663
00099	330052	325	29.8	0.0573	0.0821	0.5435	0.0244	0.029754
00100	333377	329	27.1	0.0573	0.0814	0.5438	0.0243	0.037218
00101	336711	332	27.4	0.0573	0.0679	0.5463	0.0234	0.032085
00102	340011	335	29.7	0.0573	0.0814	0.5440	0.0239	0.030921
00103	343340	339	30.2	0.0573	0.0814	0.5448	0.0238	0.047291
00104	346656	342	31.5	0.0573	0.0639	0.5429	0.0240	0.047607
00105	350027	345	29.9	0.0573	0.0639	0.5429	0.0241	0.030346
00106	353368	348	28.0	0.0573	0.0821	0.5450	0.0237	0.014437
00107	356681	352	28.3	0.0573	0.0832	0.5466	0.0234	0.029702
00108	359989	355	27.6	0.0573	0.0639	0.5322	0.0142	0.040932
00109	363273	358	27.3	0.0573	0.0679	0.5470	0.0234	0.041356
00110	366593	361	0.0	0.0000	0.0000	0.5481	0.0228	0.031965
00111	369892	365	0.0	0.0000	0.0000	0.5421	0.0160	0.036963
00112	373192	368	0.0	0.0000	0.0000	0.5484	0.0227	0.036855
00113	376512	371	0.0	0.0573	0.0562	0.5462	0.0238	0.016497
00114	379838	374	24.8	0.0573	0.0788	0.5473	0.0237	0.028497
00115	383215	378	27.5	0.0573	0.0832	0.5473	0.0238	0.025232
00116	386534	381	24.6	0.0573	0.0821	0.5473	0.0238	0.035539
00117	389883	384	21.9	0.0573	0.0788	0.5471	0.0239	0.033875
00118	393361	388	21.9	0.0573	0.0761	0.5471	0.0239	0.026190
00119	396713	391	16.0	0.0573	0.0695	0.5470	0.0237	0.033087
00120	400036	394	16.0	0.0573	0.0695	0.5471	0.0235	0.032271
00121	403387	398	0.0	0.0000	0.0000	0.5483	0.0229	0.034331
00122	406707	401	0.0	0.0000	0.0000	0.5483	0.0228	0.011442
00123	410023	404	0.0	0.0000	0.0000	0.5483	0.0228	0.005084
00124	413330	407	0.0	0.0000	0.0000	0.5483	0.0228	0.000000
00125	416624	411	0.0	0.0000	0.0000	0.5323	0.0143	0.041677
00126	419936	414	0.0	0.0000	0.0000	0.5483	0.0228	0.041680
00127	423289	417	0.0	0.0000	0.0000	0.5483	0.0228	0.018592
00128	426680	420	0.0	0.0000	0.0000	0.5410	0.0165	0.037911
00129	430033	424	0.0	0.0000	0.0000	0.5484	0.0235	0.039193
00130	433398	427	0.0	0.0000	0.0000	0.5484	0.0235	0.000212
00131	436802	430	0.0	0.0000	0.0000	0.5484	0.0234	0.050375
00132	440171	434	0.0	0.0000	0.0000	0.5484	0.0235	0.050343
00133	443563	437	0.0	0.0573	0.0562	0.5465	0.0237	0.019377
00134	446959	441	30.2	0.0573	0.0814	0.5460	0.0249	0.027835
00135	450383	444	34.8	0.0573	0.0793	0.5443	0.0250	0.040232
00136	453839	447	34.2	0.0573	0.0793	0.5435	0.0250	0.037472
00137	457303	451	28.5	0.0573	0.0831	0.5462	0.0248	0.030371
00138	460696	454	11.9	0.0573	0.0634	0.5475	0.0247	0.033028
00139	464046	457	11.8	0.0573	0.0682	0.5383	0.0163	0.040819
00140	467403	461	31.4	0.0573	0.0634	0.5477	0.0247	0.041330
00141	470822	464	32.1	0.0573	0.0766	0.5466	0.0256	0.040853
00142	474227	467	31.6	0.0573	0.0639	0.5471	0.0254	0.053251
00143	477629	471	31.8	0.0573	0.0766	0.5453	0.0257	0.053838
00144	481053	474	30.4	0.0573	0.0639	0.5442	0.0257	0.035687
00145	484458	477	28.7	0.0573	0.0831	0.5471	0.0252	0.033524
00146	487860	481	12.4	0.0573	0.0633	0.5415	0.0173	0.042588
00147	491282	484	12.4	0.0573	0.0634	0.5478	0.0249	0.042209
00148	494688	488	20.4	0.0574	0.0634	0.5476	0.0248	0.027814
00149	498063	491	20.8	0.0573	0.0634	0.5493	0.0249	0.048831
00150	501443	494	36.1	0.0573	0.0826	0.5468	0.0254	0.050582
00151	504886	498	40.8	0.0573	0.0792	0.5457	0.0258	0.035384
00152	508338	501	41.4	0.0573	0.0618	0.5455	0.0253	0.041681
00153	511793	504	39.0	0.0573	0.0618	0.5446	0.0254	0.040241
00154	515268	508	37.8	0.0573	0.0827	0.5446	0.0256	0.030675
00155	518705	511	40.3	0.0573	0.0792	0.5446	0.0260	0.036305
00156	522112	515	47.3	0.0573	0.0663	0.5450	0.0263	0.035593
00157	525532	518	57.6	0.0573	0.0858	0.5411	0.0259	0.058135
00158	528966	521	54.8	0.0573	0.0848	0.5418	0.0277	0.058765
00159	532396	525	50.6	0.0573	0.0793	0.5408	0.0273	0.041310
00160	535856	528	48.3	0.0573	0.0836	0.5440	0.0275	0.050177
00161	539269	531	45.4	0.0573	0.0771	0.5451	0.0280	0.048732
00162	542683	535	47.9	0.0573	0.0771	0.5323	0.0142	0.047701
00163	546036	538	42.3	0.0573	0.0744	0.5437	0.0284	0.047457
00164	549461	541	30.5	0.0573	0.0639	0.5432	0.0283	0.046889
00165	552852	545	66.9	0.0573	0.0792	0.5458	0.0287	0.062270
00166	556282	548	90.9	0.0573	0.0814	0.5409	0.0280	0.062534
00167	559733	552	124.9	0.0573	0.0827	0.5389	0.0267	0.043508
00168	563203	555	121.3	0.0573	0.0975	0.5385	0.0263	0.046077
00169	566666	558	115.5	0.0574	0.0762	0.5386	0.0261	0.044366
00170	570136	562	110.9	0.0573	0.0827	0.5392	0.0260	0.031818
00171	573618	565	111.0	0.0573	0.0891	0.5396	0.0260	0.036043
00172	577093	569	117.3	0.0573	0.0827	0.5396	0.0261	0.036818
00173	580583	572	118.6	0.0573	0.0858	0.5358	0.0154	0.040455
00174	584028	576	123.5	0.0573	0.0904	0.5389	0.0256	0.039554
00175	587490	579	125.7	0.0573	0.0997	0.5385	0.0255	0.039526
00176	590929	582	126.6	0.0573	0.1041	0.5384	0.0257	0.043248
00177	594349	586	126.9	0.0573	0.0899	0.5369	0.0253	0.049265
00178	597780	589	128.7	0.0573	0.1051	0.5365	0.0251	0.035747
00179	601234	593	131.0	0.0573	0.1034	0.5362	0.0249	0.034848
00180	604681	596	130.5	0.0573	0.0859	0.5359	0.0249	0.031842
00181	608126	599	132.2	0.0573	0.0985	0.5360	0.0250	0.036059
00182	611529	603	131.3	0.0573	0.0859	0.5364	0.0253	0.033123
00183	614959	606	130.2	0.0573	0.1034	0.5369	0.0258	0.039479
00184	618416	609	130.5	0.0573	0.0904	0.5331	0.0145	0.039715
00185	621884	613	129.2	0.0573	0.1034	0.5372	0.0264	0.041067
00186	625317	616	128.2	0.0573	0.1034	0.5371	0.0264	0.041249
00187	628792	620	128.4	0.0573	0.1034	0.5371	0.0263	0.037390
00188	632193	623	128.4	0.0573	0.1042	0.5371	0.0261	0.035169
00189	635612	626	128.6	0.0573	0.1051	0.5360	0.0256	0.038263
00190	639027	630	125.8	0.0573	0.1051	0.5362	0.0253	0.042715
00191	642412	633	123.9	0.0573	0.1041	0.5358	0.0248	0.038397
00192	645816	636	119.1	0.0573	0.0843	0.5358	0.0249	0.036913
00193	649238	640	107.2	0.0573	0.0849	0.5359	0.0249	0.028775
00194	652643	643	101.6	0.0573	0.1023	0.5360	0.0250	0.033786
00195	656077	647	96.0	0.0573	0.0827	0.5337	0.0150	0.038594
00196	659535	650	87.7	0.0573	0.0869	0.5365	0.0254	0.039651
00197	662943	653	79.2	0.0573	0.0830	0.5366	0.0255	0.039216
00198	666386	657	71.3	0.0573	0.0684	0.5332	0.0152	0.039915
00199	669742	660	64.9	0.0573	0.0739	0.5397	0.0277	0.044981
00200	673149	663	50.9	0.0573	0.0706	0.5396	0.0277	0.044899
00201	676571	667	42.4	0.0573	0.0744	0.5420	0.0283	0.038440
00202	679932	670	25.8	0.0574	0.0821	0.5477	0.0286	0.049798
00203	683321	673	0.0	0.0573	0.0429	0.5498	0.0282	0.049405
00204	686735	677	0.0	0.0000	0.0000	0.5502	0.0282	0.064099
00205	690093	680	0.0	0.0000	0.0000	0.5504	0.0285	0.063960
00206	693505	683	0.0	0.0000	0.0000	0.5237	0.0148	0.063886
00207	696818	687	0.0	0.0000	0.0000	0.5504	0.0285	0.063862
00208	700147	690	27.4	0.0573	0.0679	0.5343	0.0150	0.051641
00209	703523	693	25.2	0.0573	0.0821	0.5476	0.0296	0.050931
00210	706917	697	0.0	0.0573	0.0821	0.5477	0.0289	0.048606
00211	710302	700	0.0	0.0000	0.0000	0.5499	0.0284	0.063295
00212	713699	703	0.0	0.0000	0.0000	0.5334	0.0147	0.051700
00213	717071	707	0.0	0.0000	0.0000	0.5501	0.0284	0.051840
00214	720412	710	27.5	0.0572	0.0679	0.5480	0.0284	0.053941
00215	723805	713	40.8	0.0573	0.0837	0.5426	0.0264	0.058972
00216	727191	717	44.2	0.0573	0.0728	0.5438	0.0268	0.055168
00217	730616	720	47.4	0.0573	0.0815	0.5435	0.0260	0.041358
00218	734049	723	45.7	0.0574	0.0805	0.5431	0.0253	0.036458
00219	737464	727	41.7	0.0573	0.0749	0.5433	0.0253	0.031821
00220	740904	730	45.9	0.0573	0.0744	0.5431	0.0255	0.034708
00221	744319	734	47.2	0.0573	0.0663	0.5434	0.0255	0.035951
00222	747727	737	48.7	0.0573	0.0814	0.5434	0.0254	0.043601
00223	751126	740	49.4	0.0573	0.0827	0.5334	0.0149	0.042299
00224	754486	744	48.2	0.0573	0.0805	0.5425	0.0248	0.040734
00225	757883	747	47.6	0.0573	0.0814	0.5425	0.0246	0.038127
00226	761303	750	45.1	0.0573	0.0663	0.5406	0.0248	0.050874
00227	764705	754	43.4	0.0573	0.0805	0.5428	0.0250	0.051426
00228	768132	757	46.9	0.0573	0.0728	0.5436	0.0256	0.037778
00229	771550	760	45.6	0.0573	0.0805	0.5418	0.0265	0.053777
00230	774982	761	0.0	0.0000	0.0000	0.5521	0.0253	0.058261
00231	778378	-1		0.0000	0.0000	0.5523	0.0251	0.028590
00232	781761	-1		0.0573	0.1363	0.5362	0.0245	0.036157
00233	785188	-1		0.0573	0.1007	0.5401	0.0243	0.019452
00234	788539	-1		0.0000	0.0000	0.5478	0.0229	0.020288
00235	791888	-1		0.0000	0.0000	0.5479	0.0229	0.013847
00236	795234	-1		0.0573	0.0424	0.5479	0.0229	0.009092
00237	798581	-1		0.0000	0.0000	0.5479	0.0229	0.021021
00238	801955	-1		0.0000	0.0000	0.5479	0.0229	0.020925
00239	805352	-1		0.0000	0.0000	0.5479	0.0229	0.013265
00240	808724	-1		0.0000	0.0000	0.5479	0.0229	0.012612
00241	812089	-1		0.0000	0.0000	0.5479	0.0229	0.014146
00242	815456	-1		0.0000	0.0000	0.5479	0.0229	0.013660
00243	818829	-1		0.0000	0.0000	0.5479	0.0229	0.014467
00244	822188	-1		0.0000	0.0000	0.5479	0.0229	0.013338
00245	825539	-1		0.0000	0.0000	0.5479	0.0229	0.009990
00246	828880	-1		0.0000	0.0000	0.5479	0.0229	0.014248
