frame	elapsed_ms	sign_red	sign_box	sign_ink	sign_sig	avg_blue	dial_ink
00000	1	0	-	0	-	0	0
00001	2003	0	-	0	-	0	0
00002	4003	0	-	0	-	0	0
00003	6003	0	-	0	-	0	0
00004	8003	0	-	0	-	0	0
00005	10003	0	-	0	-	0	0.0780952
00006	12004	0	-	0	-	0	0.0719728
00007	14003	0	-	0	-	0	0.0724943
00008	16003	0	-	0	-	0	0.0724943
00009	18003	0	-	0	-	0	0.0719728
00010	20003	0	-	0	-	0	0.0719728
00011	22003	0	-	0	-	0	0.0617234
00012	24003	0	-	0	-	0	0.0720862
00013	26003	0	-	0	-	0	0.0719728
00014	28003	0	-	0	-	0	0.0720862
00015	30003	0	-	0	-	0	0.0720862
00016	32003	0	-	0	-	0	0.0719728
00017	34004	0	-	0	-	0	0.0720862
00018	36003	0	-	0	-	0	0.0719728
00019	38003	0	-	0	-	0	0.0719728
00020	40003	0	-	0	-	0	0.0719728
00021	42004	0	-	0	-	0	0.0719728
00022	44004	0	-	0	-	0	0.0719728
00023	46003	0	-	0	-	0	0.0724943
00024	48003	0	-	0	-	0	0.0719728
00025	50003	0	-	0	-	0	0.0719728
00026	52003	0	-	0	-	0	0.0617234
00027	54004	0	-	0	-	0	0.0719728
00028	56004	0	-	0	-	0	0.0720862
00029	58004	0	-	0	-	0	0.0720862
00030	60003	0	-	0	-	0	0.0617234
00031	62003	0	-	0	-	0	0.0720862
00032	64004	0	-	0	-	0	0.0720862
00033	66003	0	-	0	-	0	0.0721995
00034	68003	0	-	0	-	0	0.0720862
00035	70004	0	-	0	-	0	0.0724943
00036	72004	0	-	0	-	0	0.0719728
00037	74004	0	-	0	-	0	0.0720862
00038	76004	0	-	0	-	0	0.0720862
00039	78004	0	-	0	-	0	0.0719728
00040	80004	0	-	0	-	0	0.0719728
00041	82004	0	-	0	-	0	0.0719728
00042	84004	0	-	0	-	0	0.0719728
00043	86004	0	-	0	-	0	0.0720862
00044	88004	0	-	0	-	0	0.0719728
00045	90003	0	-	0	-	0	0.0720862
00046	92003	0	-	0	-	0	0.0719728
00047	94003	0	-	0	-	0	0.0719728
00048	96004	0	-	0	-	0	0.0719728
00049	98003	0	-	0	-	0	0.0720862
00050	100004	0	-	0	-	0	0.0719728
00051	102004	0	-	0	-	0	0.0617234
00052	104004	0	-	0	-	0	0.0724943
00053	106003	0	-	0	-	0	0.0720862
00054	108003	0	-	0	-	0	0.0724943
00055	110004	0	-	0	-	0	0.0719728
00056	112003	0	-	0	-	0	0.0617234
00057	114003	0	-	0	-	0	0.0677324
00058	116003	0	-	0	-	0	0.0621315
00059	118003	0	-	0	-	0	0.065102
00060	120004	0	-	0	-	0	0.0754649
00061	122004	0	-	0	-	0	0.0610884
00062	124004	0	-	0	-	0	0.0457143
00063	126003	0	-	0	-	0	0.0561905
00064	128004	0	-	0	-	0	0.0564853
00065	130003	0	-	0	-	0	0.0559637
00066	132004	0	-	0	-	0	0.0509524
00067	134003	0	-	0	-	0	0.0577551
00068	136004	0	-	0	-	0	0.0564853
00069	138003	0	-	0	-	0	0.0486848
00070	140004	0	-	0	-	0	0.0486848
00071	142004	0	-	0	-	0	0.0577551
00072	144003	0	-	0	-	0	0.0561905
00073	146004	0	-	0	-	0	0.0560771
00074	148003	0	-	0	-	0	0.0457143
00075	150003	0	-	0	-	0	0.0560771
00076	152004	0	-	0	-	0	0.0560771
00077	154004	0	-	0	-	0	0.0594558
00078	156003	0	-	0	-	0	0.0492517
00079	158004	0	-	0	-	0	0.0594558
00080	160004	0	-	0	-	0	0.0457143
00081	162004	0	-	0	-	0	0.0457143
00082	164004	0	-	0	-	0	0.0552608
00083	166004	0	-	0	-	0	0.0457143
00084	168003	0	-	0	-	0	0.0486848
00085	170003	0	-	0	-	0	0.0669841
00086	172003	0	-	0	-	0	0.0535828
00087	174003	0	-	0	-	0	0.0610884
00088	176003	0	-	0	-	0	0.0570522
00089	178004	0	-	0	-	0	0.0506122
00090	180003	0	-	0	-	0	0.0506122
00091	182003	0	-	0	-	0	0.0535828
00092	184003	0	-	0	-	0	0.0492517
00093	186003	0	-	0	-	0	0.0447166
00094	188003	0	-	0	-	0	0.0372109
00095	190004	0	-	0	-	0	0.0509524
00096	192004	0	-	0	-	0	0.0577551
00097	194004	0	-	0	-	0	0.0577551
00098	196003	0	-	0	-	0	0.0552608
00099	198003	0	-	0	-	0	0.0475737
00100	200004	0	-	0	-	0	0.0577551
00101	202003	0	-	0	-	0	0.0475737
00102	204004	0	-	0	-	0	0.0372109
00103	206003	0	-	0	-	0	0.0475737
00104	208003	0	-	0	-	0	0.0567574
00105	210003	0	-	0	-	0	0.0479819
00106	212003	0	-	0	-	0	0.0479819
00107	214004	0	-	0	-	0	0.0474603
00108	216004	0	-	0	-	0	0.0479819
00109	218003	0	-	0	-	0	0.0492517
00110	220003	0	-	0	-	0	0.0535828
00111	222004	0	-	0	-	0	0.0643537
00112	224004	0	-	0	-	0	0.0609751
00113	226003	0	-	0	-	0	0.0610884
00114	228003	0	-	0	-	0	0.0669841
00115	230003	0	-	0	-	0	0.0620862
00116	232004	0	-	0	-	0	0.058322
00117	234003	0	-	0	-	0	0.0561905
00118	236003	0	-	0	-	0	0.0571882
00119	238004	0	-	0	-	0	0.0754649
00120	240003	0	-	0	-	0	0.0548526
00121	242004	0	-	0	-	0	0.0771429
00122	244003	0	-	0	-	0	0.0753515
00123	246004	0	-	0	-	0	0.076576
00124	248003	0	-	0	-	0	0.0814739
00125	250004	0	-	0	-	0	0.0680726
00126	252003	0	-	0	-	0	0.0680726
00127	254004	0	-	0	-	0	0.0513605
00128	256004	0	-	0	-	0	0.06161
00129	258004	0	-	0	-	0	0.0677324
00130	260003	0	-	0	-	0	0.0617234
00131	262004	0	-	0	-	0	0.0506122
00132	264004	0	-	0	-	0	0.0720862
00133	266003	0	-	0	-	0	0.0720862
00134	268003	0	-	0	-	0	0.0719728
00135	270004	0	-	0	-	0	0.0719728
00136	272003	0	-	0	-	0	0.0724943
00137	274003	0	-	0	-	0	0.0617234
00138	276004	0	-	0	-	0	0.0474603
00139	278003	0	-	0	-	0	0.0720862
00140	280005	0	-	0	-	0	0.0724943
00141	282004	0	-	0	-	0	0.0724943
00142	284004	0	-	0	-	0	0.0724943
00143	286003	0	-	0	-	0	0.0720862
00144	288004	0	-	0	-	0	0.0719728
00145	290004	0	-	0	-	0	0.0754649
00146	292004	0	-	0	-	0	0.0617234
00147	294003	0	-	0	-	0	0.0474603
00148	296003	0	-	0	-	0	0.0720862
00149	298003	0	-	0	-	0	0.0621315
00150	300004	0	-	0	-	0	0.0719728
00151	302003	0	-	0	-	0	0.0719728
00152	304004	0	-	0	-	0	0.0719728
00153	306004	0	-	0	-	0	0.0719728
00154	308003	0	-	0	-	0	0.0719728
00155	310003	0	-	0	-	0	0.0719728
00156	312004	0	-	0	-	0	0.0719728
00157	314004	0	-	0	-	0	0.0719728
00158	316004	0	-	0	-	0	0.0788435
00159	318004	0	-	0	-	0	0.0719728
00160	320004	0	-	0	-	0	0.0719728
00161	322003	0	-	0	-	0	0.0719728
00162	324004	0	-	0	-	0	0.0719728
00163	326003	0	-	0	-	0	0.0719728
00164	328004	0	-	0	-	0	0.0754649
00165	330003	0	-	0	-	0	0.0474603
00166	332003	0	-	0	-	0	0.0719728
00167	334004	0	-	0	-	0	0.0720862
00168	336003	0	-	0	-	0	0.0719728
00169	338004	0	-	0	-	0	0.0719728
00170	340003	0	-	0	-	0	0.0719728
00171	342003	0	-	0	-	0	0.0771429
00172	344003	0	-	0	-	0	0.0721995
00173	346004	0	-	0	-	0	0.0720862
00174	348003	0	-	0	-	0	0.0719728
00175	350003	0	-	0	-	0	0.0754649
00176	352004	0	-	0	-	0	0.0634014
00177	354003	0	-	0	-	0	0.0720862
00178	356004	0	-	0	-	0	0.0724943
00179	358004	0	-	0	-	0	0.0720862
00180	360004	0	-	0	-	0	0.0613832
00181	362004	0	-	0	-	0	0.0724943
00182	364003	0	-	0	-	0	0.0720862
00183	366003	0	-	0	-	0	0.0719728
00184	368004	0	-	0	-	0	0.0724943
00185	370004	0	-	0	-	0	0.0719728
00186	372003	0	-	0	-	0	0.0724943
00187	374003	0	-	0	-	0	0.0719728
00188	376004	0	-	0	-	0	0.0719728
00189	378004	0	-	0	-	0	0.0719728
00190	380003	0	-	0	-	0	0.0617234
00191	382004	0	-	0	-	0	0.0543311
00192	384003	0	-	0	-	0	0.0721995
00193	386004	0	-	0	-	0	0.0719728
00194	388003	0	-	0	-	0	0.0719728
00195	390003	0	-	0	-	0	0.0720862
00196	392003	0	-	0	-	0	0.054966
00197	394004	0	-	0	-	0	0.0720862
00198	396004	0	-	0	-	0	0.0753515
00199	398004	0	-	0	-	0	0.0724943
00200	400003	0	-	0	-	0	0.0724943
00201	402003	0	-	0	-	0	0.0720862
00202	404003	0	-	0	-	0	0.0720862
00203	406004	0	-	0	-	0	0.0587528
00204	408004	0	-	0	-	0	0.0720862
00205	410004	0	-	0	-	0	0.0721995
00206	412003	0	-	0	-	0	0.0719728
00207	414003	0	-	0	-	0	0.058458
00208	416004	0	-	0	-	0	0.0724943
00209	418003	0	-	0	-	0	0.0754649
00210	420003	0	-	0	-	0	0.0720862
00211	422004	0	-	0	-	0	0.0720862
00212	424004	0	-	0	-	0	0.0724943
00213	426003	0	-	0	-	0	0.0720862
00214	428003	0	-	0	-	0	0.0567574
00215	430004	0	-	0	-	0	0.0634014
00216	432003	0	-	0	-	0	0.0754649
00217	434004	0	-	0	-	0	0.0720862
00218	436003	0	-	0	-	0	0.0720862
00219	438004	0	-	0	-	0	0.0719728
00220	440004	0	-	0	-	0	0.0719728
00221	442003	0	-	0	-	0	0.0719728
00222	444003	0	-	0	-	0	0.0754649
00223	446003	0	-	0	-	0	0.0618367
00224	448003	0	-	0	-	0	0.076576
00225	450004	0	-	0	-	0	0.0509524
00226	452003	0	-	0	-	0	0.0577551
00227	454003	0	-	0	-	0	0.0560771
00228	456003	0	-	0	-	0	0.0559637
00229	458003	0	-	0	-	0	0.0447166
00230	460003	0	-	0	-	0	0.065102
00231	462004	0	-	0	-	0	0.065102
00232	464003	0	-	0	-	0	0.0543311
00233	466004	0	-	0	-	0	0.0617234
00234	468003	0	-	0	-	0	0.0754649
00235	470003	0	-	0	-	0	0.0513605
00236	472004	0	-	0	-	0	0.0788435
00237	474004	0	-	0	-	0	0.0559637
00238	476003	0	-	0	-	0	0.0564853
00239	478004	0	-	0	-	0	0.0571882
00240	480004	0	-	0	-	0	0.0620862
00241	482004	0	-	0	-	0	0.075873
00242	484003	0	-	0	-	0	0.0571882
00243	486003	0	-	0	-	0	0.0561905
00244	488004	0	-	0	-	0	0.0620862
00245	490004	0	-	0	-	0	0.0600227
00246	492004	0	-	0	-	0	0.0476871
00247	494004	0	-	0	-	0	0.054966
00248	496003	0	-	0	-	0	0.0567574
00249	498003	0	-	0	-	0	0.0462812
00250	500004	0	-	0	-	0	0.0565306
00251	502004	0	-	0	-	0	0.0626531
00252	504003	0	-	0	-	0	0.0372109
00253	506003	0	-	0	-	0	0.0475737
00254	508003	0	-	0	-	0	0.0475737
00255	510003	0	-	0	-	0	0.0372109
00256	512004	0	-	0	-	0	0.0608617
00257	514004	0	-	0	-	0	0.0509524
00258	516003	0	-	0	-	0	0.0492517
00259	518004	0	-	0	-	0	0.0577551
00260	520004	0	-	0	-	0	0.058322
00261	522004	0	-	0	-	0	0.0561905
00262	524004	0	-	0	-	0	0.058458
00263	526003	0	-	0	-	0	0.0560771
00264	528003	0	-	0	-	0	0.056644
00265	530003	0	-	0	-	0	0.0492517
00266	532004	0	-	0	-	0	0.0570522
00267	534003	0	-	0	-	0	0.0479819
00268	536004	0	-	0	-	0	0.0444898
00269	538003	0	-	0	-	0	0.0447166
00270	540004	0	-	0	-	0	0.0285941
00271	542004	0	-	0	-	0	0.0285941
00272	544003	0	-	0	-	0	0.0285941
00273	546003	0	-	0	-	0	0.0285941
00274	548003	0	-	0	-	0	0
00275	550003	0	-	0	-	0	0
00276	552004	0	-	0	-	0	0
00277	554004	0	-	0	-	0	0
00278	556003	0	-	0	-	0	0
00279	558003	0	-	0	-	0	0.0583447
00280	560004	0	-	0	-	0	0.0457143
00281	562004	0	-	0	-	0	0
00282	564003	0	-	0	-	0	0
00283	566003	0	-	0	-	0	0
00284	568003	0	-	0	-	0	0
00285	570004	0	-	0	-	0	0.0444898
00286	572003	0	-	0	-	0	0.0583447
00287	574004	0	-	0	-	0	0.0583447
00288	576004	0	-	0	-	0	0.0285941
00289	578003	0	-	0	-	0	0.0200907
00290	580004	0	-	0	-	0	0.0285941
00291	582004	0	-	0	-	0	0.0285941
00292	584003	0	-	0	-	0	0.0285941
00293	586003	0	-	0	-	0	0.0479819
00294	588003	0	-	0	-	0	0.0342404
00295	590004	0	-	0	-	0	0.0342404
00296	592004	0	-	0	-	0	0.0342404
00297	594004	0	-	0	-	0	0.0342404
00298	596003	0	-	0	-	0	0.0446032
00299	598004	0	-	0	-	0	0.0446032
00300	600003	0	-	0	-	0	0.0342404
00301	602004	0	-	0	-	0	0.029161
00302	604003	0	-	0	-	0	0.0479819
00303	606003	0	-	0	-	0	0.0479819
00304	608004	0	-	0	-	0	0.0479819
00305	610004	0	-	0	-	0	0
00306	612004	0	-	0	-	0	0.0285941
00307	614003	0	-	0	-	0	0.0462812
00308	616004	0	-	0	-	0	0.0506122
00309	618003	0	-	0	-	0	0.0506122
00310	620004	0	-	0	-	0	0.0506122
00311	622003	0	-	0	-	0	0.0447166
00312	624004	0	-	0	-	0	0.0278912
00313	626004	0	-	0	-	0	0.0444898
00314	628003	0	-	0	-	0	0.0444898
00315	630003	0	-	0	-	0	0.0444898
00316	632004	0	-	0	-	0	0.0479819
00317	634004	0	-	0	-	0	0.0447166
00318	636003	0	-	0	-	0	0.0450113
00319	638003	0	-	0	-	0	0.0447166
00320	640004	0	-	0	-	0	0.0342404
00321	642004	0	-	0	-	0	0.0342404
00322	644004	0	-	0	-	0	0.0342404
00323	646003	0	-	0	-	0	0.0342404
00324	648003	0	-	0	-	0	0.0342404
00325	650004	0	-	0	-	0	0
00326	652003	0	-	0	-	0	0
00327	654004	0	-	0	-	0	0
00328	656003	0	-	0	-	0	0
00329	658004	0	-	0	-	0	0.0457143
00330	660003	0	-	0	-	0	0.0583447
00331	662003	0	-	0	-	0	0.0462812
00332	664003	0	-	0	-	0	0.0447166
00333	666004	0	-	0	-	0	0.0447166
00334	668003	0	-	0	-	0	0.0479819
00335	670003	0	-	0	-	0	0.0444898
00336	672004	0	-	0	-	0	0.0444898
00337	674003	0	-	0	-	0	0.0444898
00338	676003	0	-	0	-	0	0.0479819
00339	678003	0	-	0	-	0	0.0479819
00340	680003	0	-	0	-	0	0.0479819
00341	682003	0	-	0	-	0	0.0479819
00342	684003	0	-	0	-	0	0.0479819
00343	686003	0	-	0	-	0	0.0342404
00344	688004	0	-	0	-	0	0.0506122
00345	690003	0	-	0	-	0	0.0372109
00346	692003	0	-	0	-	0	0.0506122
00347	694004	0	-	0	-	0	0.0372109
00348	696004	0	-	0	-	0	0.0506122
00349	698004	0	-	0	-	0	0.0462812
00350	700003	0	-	0	-	0	0.0342404
00351	702003	0	-	0	-	0	0.0462812
00352	704003	0	-	0	-	0	0.0457143
00353	706004	0	-	0	-	0	0.0583447
00354	708004	0	-	0	-	0	0.0583447
00355	710004	0	-	0	-	0	0.0553741
00356	712003	0	-	0	-	0	0.0583447
00357	714004	0	-	0	-	0	0.0548526
00358	716003	0	-	0	-	0	0.0548526
00359	718004	0	-	0	-	0	0.056644
00360	720003	0	-	0	-	0	0.0506122
00361	722003	0	-	0	-	0	0.0475737
00362	724004	0	-	0	-	0	0.0560771
00363	726004	0	-	0	-	0	0.056644
00364	728003	0	-	0	-	0	0.056644
00365	730004	0	-	0	-	0	0.0446032
00366	732004	0	-	0	-	0	0.056644
00367	734004	0	-	0	-	0	0.0457143
00368	736003	0	-	0	-	0	0.0457143
00369	738004	0	-	0	-	0	0.0457143
00370	740004	0	-	0	-	0	0.0342404
00371	742004	0	-	0	-	0	0.0342404
00372	744003	0	-	0	-	0	0.0342404
00373	746003	0	-	0	-	0	0.0342404
00374	748003	0	-	0	-	0	0.056644
00375	750003	0	-	0	-	0	0.0475737
00376	752003	0	-	0	-	0	0.0273696
00377	754003	0	-	0	-	0	0.0450113
00378	756003	0	-	0	-	0	0.0608617
00379	758004	0	-	0	-	0	0.0552608
00380	760004	0	-	0	-	0	0.029161
00381	762003	0	-	0	-	0	0
00382	764004	0	-	0	-	0	0
00383	766004	0	-	0	-	0	0
00384	768004	0	-	0	-	0	0
00385	770003	0	-	0	-	0	0
00386	772003	0	-	0	-	0	0
00387	774003	0	-	0	-	0	0.0200907
00388	776003	0	-	0	-	0	0.0583447
00389	778003	0	-	0	-	0	0.0583447
00390	780004	0	-	0	-	0	0
00391	782003	0	-	0	-	0	0
00392	784004	0	-	0	-	0	0
00393	786004	0	-	0	-	0	0
00394	788003	0	-	0	-	0	0
00395	790004	0	-	0	-	0	0
00396	792003	0	-	0	-	0	0
00397	794004	0	-	0	-	0	0
00398	796004	0	-	0	-	0	0
00399	798004	0	-	0	-	0	0
00400	800003	0	-	0	-	0	0
00401	802003	0	-	0	-	0	0
00402	804004	0	-	0	-	0	0
00403	806004	0	-	0	-	0	0
00404	808003	0	-	0	-	0	0
00405	810003	0	-	0	-	0	0
00406	812003	0	-	0	-	0	0
00407	814003	0	-	0	-	0	0
00408	816003	0	-	0	-	0	0.0506122
00409	818003	0	-	0	-	0	0.0583447
00410	820004	0	-	0	-	0	0.0372109
00411	822004	0	-	0	-	0	0.0450113
00412	824004	0	-	0	-	0	0.0450113
00413	826004	0	-	0	-	0	0.0450113
00414	828003	0	-	0	-	0	0.0342404
00415	830004	0	-	0	-	0	0.0444898
00416	832003	0	-	0	-	0	0.0450113
00417	834004	0	-	0	-	0	0.0450113
00418	836003	0	-	0	-	0	0
00419	838004	0	-	0	-	0	0
00420	840003	0	-	0	-	0	0
00421	842003	0	-	0	-	0	0
00422	844004	0	-	0	-	0	0
00423	846004	0	-	0	-	0	0
00424	848003	0	-	0	-	0	0
00425	850004	0	-	0	-	0	0
00426	852004	0	-	0	-	0	0.0285941
00427	854003	0	-	0	-	0	0.0583447
00428	856003	0	-	0	-	0	0.0583447
00429	858004	0	-	0	-	0	0
00430	860003	0	-	0	-	0	0
00431	862003	0	-	0	-	0	0
00432	864003	0	-	0	-	0	0
00433	866004	0	-	0	-	0	0
00434	868003	0	-	0	-	0	0
00435	870003	0	-	0	-	0	0
00436	872004	0	-	0	-	0	0.027483
00437	874004	0	-	0	-	0	0.0583447
00438	876004	0	-	0	-	0	0.0457143
00439	878004	0	-	0	-	0	0.0447166
00440	880004	0	-	0	-	0	0.0450113
00441	882004	0	-	0	-	0	0.0450113
00442	884003	0	-	0	-	0	0.0444898
00443	886003	0	-	0	-	0	0
00444	888004	0	-	0	-	0	0.0450113
00445	890003	0	-	0	-	0	0.0450113
00446	892004	0	-	0	-	0	0.0342404
00447	894004	0	-	0	-	0	0.0285941
00448	896004	0	-	0	-	0	0.0479819
00449	898004	0	-	0	-	0	0.0479819
00450	900004	0	-	0	-	0	0.0479819
00451	902004	0	-	0	-	0	0.0450113
00452	904004	0	-	0	-	0	0.0450113
00453	906003	0	-	0	-	0	0.0447166
00454	908004	0	-	0	-	0	0.029161
00455	910003	0	-	0	-	0	0.0444898
00456	912004	0	-	0	-	0	0.0444898
00457	914004	0	-	0	-	0	0.0444898
00458	916003	0	-	0	-	0	0.0372109
00459	918004	0	-	0	-	0	0.0372109
00460	920003	0	-	0	-	0	0.0372109
00461	922003	0	-	0	-	0	0.0285941
00462	924004	0	-	0	-	0	0.0334921
00463	926004	0	-	0	-	0	0.0285941
00464	928004	0	-	0	-	0	0.0285941
00465	930003	0	-	0	-	0	0.0285941
00466	932004	0	-	0	-	0	0.0334921
00467	934003	0	-	0	-	0	0.0479819
00468	936003	0	-	0	-	0	0.0479819
00469	938004	0	-	0	-	0	0.0285941
00470	940003	0	-	0	-	0	0.0200907
00471	942004	0	-	0	-	0	0.0479819
00472	944004	0	-	0	-	0	0.0444898
00473	946004	0	-	0	-	0	0.0444898
00474	948003	0	-	0	-	0	0.0444898
00475	950003	0	-	0	-	0	0.0444898
00476	952003	0	-	0	-	0	0.0285941
00477	954003	0	-	0	-	0	0.0444898
00478	956004	0	-	0	-	0	0.0444898
00479	958003	0	-	0	-	0	0
00480	960004	0	-	0	-	0	0
00481	962003	0	-	0	-	0	0
00482	964004	0	-	0	-	0	0
00483	966003	0	-	0	-	0	0
00484	968003	0	-	0	-	0	0
00485	970004	0	-	0	-	0	0.0278912
00486	972004	0	-	0	-	0	0.0583447
00487	974003	0	-	0	-	0	0.0457143
00488	976003	0	-	0	-	0	0.0285941
00489	978003	0	-	0	-	0	0.0285941
00490	980003	0	-	0	-	0	0.0285941
00491	982004	0	-	0	-	0	0.0479819
00492	984004	0	-	0	-	0	0.0285941
00493	986003	0	-	0	-	0	0
