elapsed_ms	fix	expected_kmh	map_rmse
1504	1	105.6	0.0392119
3004	3	106.4	0.0308106
4504	4	106.9	0.0263006
6003	6	106.6	0.0265605
7504	7	105.9	0.0159812
9003	9	105.1	0.0275073
10504	10	104.8	0.0218314
12004	12	104.8	0.0248201
13504	13	104.8	0.0261495
15003	15	104.1	0.0274233
16505	16	103.8	0.0244942
18003	18	102.3	0.0252554
19504	19	102.1	0.0246014
21004	21	102.6	0.0276074
22503	22	103.3	0.0297391
24004	24	101.8	0.0281551
25503	25	101.3	0.0236324
27003	27	99.3	0.0249582
28504	28	99.1	0.0257739
30003	29	99.8	0.0265301
31504	31	102.1	0.0277986
33003	32	102.8	0.0291307
34503	34	103.9	0.0327729
36004	35	104.4	0.0321146
37503	37	103.1	0.0304564
39004	38	103.4	0.030086
40503	40	102.4	0.0307165
42004	41	102.4	0.0321139
43504	43	102.4	0.0329662
45003	44	102.7	0.025572
46503	46	102.7	0.0251025
48003	47	102.5	0.0221363
49503	49	102.6	0.0214959
51003	50	102.6	0.0200439
52504	52	102.8	0.0225795
54003	53	102.9	0.0231793
55504	55	100.1	0.0268785
57003	56	98.9	0.0285793
58503	57	97.9	0.0258347
60004	59	96.6	0.026194
61504	60	95.7	0.026414
63003	62	94.0	0.0270252
64503	63	94.4	0.0270624
66003	65	92.8	0.0301833
67504	66	92.5	0.0282313
69004	68	93.0	0.0279586
70503	69	94.1	0.029727
72004	71	92.0	0.0298824
73504	72	91.5	0.0272317
75003	74	90.0	0.0268328
76504	75	87.7	0.0312441
78003	77	84.9	0.0325472
79503	78	85.2	0.033573
81003	80	80.7	0.0292995
82503	81	73.9	0.0237382
84004	83	69.3	0.0285632
85504	84	69.3	0.0261434
87003	85	64.0	0.0285264
88504	87	54.5	0.0327731
90003	88	54.7	0.0341002
91503	90	46.7	0.0360884
93004	91	43.6	0.0363914
94503	93	43.4	0.0331055
96004	94	42.2	0.0337576
97504	96	42.3	0.0373559
99003	97	44.2	0.0323668
100504	99	44.1	0.0349581
102004	100	44.5	0.0336327
103504	102	44.5	0.0357125
105003	103	45.7	0.0322522
106503	105	47.1	0.0387836
108003	106	47.5	0.0369819
109504	108	46.9	0.0355739
111003	109	47.0	0.0361897
112503	111	47.6	0.0373577
114003	112	47.4	0.0328614
115504	113	48.3	0.0290705
117003	115	47.0	0.0317578
118504	116	47.1	0.0307262
120003	118	48.6	0.0283603
121503	119	50.0	0.0295269
123003	121	49.0	0.0334719
124503	122	49.1	0.0309195
126003	124	42.9	0.0348601
127503	125	42.6	0.0357863
129003	127	38.2	0.0363818
130503	128	37.9	0.0340354
132004	130	36.2	0.0331874
133503	131	36.3	0.0338591
135003	133	37.8	0.0323807
136504	134	37.9	0.0335863
138004	136	39.7	0.0319343
139504	137	39.8	0.0315454
141004	139	36.3	0.0341698
142504	140	36.3	0.0355547
144003	141	36.0	0.0334198
145503	143	36.1	0.0323441
147003	144	32.7	0.0269944
148503	146	33.0	0.0302696
150004	147	28.5	0.027754
151504	149	28.5	0.035436
153004	150	28.5	0.0301249
154504	152	15.6	0.0277813
156003	153	15.6	0.0275919
157504	155	15.9	0.0247826
159003	156	15.6	0.0295164
160503	158	12.0	0.0323149
162003	159	12.2	0.0294816
163504	161	11.9	0.0302283
165003	162	12.0	0.0319562
166503	164	12.0	0.0282085
168003	165	10.7	0.0235761
169504	167	10.7	0.036988
171003	168	10.7	0.0347423
172504	169	10.6	0.0303822
174003	171	10.7	0.027497
175504	172	10.7	0.0291577
177003	174	14.6	0.0274594
178503	175	14.6	0.0391114
180003	177	14.6	0.0370824
181503	178	14.4	0.0305219
183003	180	14.4	0.0279669
184504	181	14.1	0.0289035
186004	183	14.2	0.0307174
187503	184	13.9	0.036169
189004	186	14.2	0.033945
190503	187	13.9	0.0361558
192004	189	11.2	0.0326378
193504	190	11.1	0.0333233
195004	192	11.2	0.0322508
196504	193	11.1	0.0319692
198003	195	11.2	0.0321526
199503	196	11.2	0.0331615
201003	197	17.6	0.0313377
202503	199	17.5	0.0360689
204003	200	17.6	0.0368992
205503	202	17.5	0.0390675
207004	203	19.9	0.0401362
208503	205	20.0	0.0396636
210004	206	19.9	0.0372373
211504	208	14.8	0.0372476
213004	209	14.8	0.0384659
214504	211	15.1	0.0331902
216004	212	14.8	0.0331703
217504	214	14.8	0.0271789
219004	215	15.9	0.0281643
220504	217	15.9	0.0290077
222003	218	15.9	0.0324944
223504	220	15.9	0.0313792
225004	221	15.4	0.0328568
226503	222	15.4	0.0372624
228004	224	15.4	0.0361138
229503	225	15.4	0.0327253
231004	227	19.0	0.030536
232503	228	19.0	0.0341757
234004	230	19.0	0.0363417
235504	231	18.9	0.0352307
237004	233	22.7	0.0376251
238503	234	22.8	0.0415361
240004	236	15.7	0.0394432
241504	237	15.5	0.036206
243003	239	15.4	0.0368777
244503	240	15.8	0.0351769
246004	242	18.0	0.0335044
247503	243	18.2	0.0342454
249004	245	18.2	0.0318287
250504	246	18.0	0.0305657
252004	248	13.6	0.0275169
253503	249	13.4	0.0305347
255004	250	13.4	0.0274173
256503	252	13.7	0.0243256
258004	253	13.4	0.0292348
259504	255	24.7	0.0268959
261004	256	24.7	0.0297608
262503	258	28.3	0.020631
264003	259	28.1	0.0258829
265503	261	28.1	0.025215
267004	262	23.7	0.0311788
268503	264	23.8	0.029736
270004	265	23.7	0.0310327
271503	267	23.4	0.0288255
273003	268	23.2	0.0287035
274504	270	24.6	0.0282223
276003	271	24.5	0.0312443
277504	273	24.5	0.0291987
279003	274	22.9	0.0291671
280504	276	22.5	0.0313749
282003	277	22.7	0.0256764
283503	278	22.5	0.0284759
285003	280	27.7	0.0255898
286503	281	27.4	0.0261561
288003	283	31.2	0.0255264
289503	284	30.9	0.0339154
291003	286	31.6	0.0342652
292504	287	31.6	0.0313005
294004	289	26.9	0.0275566
295504	290	26.7	0.0278239
297003	292	26.9	0.029632
298504	293	21.6	0.0284209
300003	295	21.6	0.0254544
301503	296	21.6	0.0257147
303003	298	20.4	0.0251532
304504	299	20.4	0.0240809
306003	301	20.4	0.0247793
307503	302	20.6	0.0221308
309004	304	18.8	0.0268458
310503	305	18.9	0.0270564
312003	306	18.8	0.0322526
313504	308	20.9	0.0327197
315003	309	21.2	0.029959
316504	311	21.0	0.0268913
318003	312	21.1	0.0272582
319504	314	26.1	0.0291532
321003	315	26.2	0.0294221
322504	317	31.2	0.0285468
324004	318	31.2	0.0332454
325503	320	33.0	0.0383525
327004	321	33.3	0.0320618
328503	323	30.5	0.035064
330004	324	30.5	0.0338907
331504	326	28.9	0.0354556
333004	327	29.1	0.031553
334504	329	29.1	0.0374846
336004	330	29.5	0.0346926
337504	332	29.5	0.0366204
339003	333	29.3	0.0324469
340503	334	32.3	0.0383952
342004	336	32.1	0.0389709
343503	337	31.7	0.0415733
345004	339	31.9	0.0426109
346504	340	26.4	0.0396173
348003	342	26.7	0.0407834
349503	343	26.4	0.041077
351004	345	18.7	0.0404186
352503	346	18.6	0.0377934
354004	348	18.6	0.033425
355504	349	9.4	0.0332556
357004	351	9.4	0.0342832
358503	352	9.4	0.0300026
360003	354	9.7	0.0257523
361504	355	9.4	0.0218396
363003	357	9.4	0.0225181
364504	358	9.5	0.0227447
366004	360	10.5	0.0304338
367504	361	10.7	0.030126
369004	362	10.8	0.0310538
370504	364	10.7	0.0390355
372004	365	10.6	0.0398511
373503	367	10.7	0.0358945
375003	368	11.3	0.0396161
376503	370	11.5	0.0399842
378004	371	11.3	0.0413118
379504	373	11.2	0.0410554
381004	374	11.3	0.0444198
382504	376	11.6	0.0430177
384003	377	19.3	0.0419432
385504	379	19.7	0.037994
387003	380	19.5	0.0395483
388504	382	22.7	0.0392169
390004	383	22.7	0.0402888
391504	385	22.5	0.0426423
393003	386	22.7	0.0404159
394504	388	21.0	0.0428046
396004	389	21.0	0.0453402
397503	390	21.0	0.0409815
399004	392	13.6	0.0371873
400504	393	13.6	0.0357382
402004	395	13.6	0.0338192
403504	396	13.5	0.0301348
405003	398	13.5	0.0252674
406503	399	11.8	0.031654
408003	401	11.6	0.0290355
409503	402	11.8	0.0307168
411004	404	11.5	0.0298575
412504	405	11.8	0.0292261
414003	407	12.1	0.0345832
415504	408	12.0	0.0327906
417003	410	12.2	0.0339201
418503	411	12.1	0.0290298
420004	413	12.1	0.0311655
421503	414	12.1	0.0301037
423004	416	12.9	0.0333929
424504	417	12.9	0.031095
426003	418	13.1	0.0343359
427504	420	12.9	0.0273439
429004	421	13.1	0.0314224
430504	423	14.4	0.031495
432003	424	14.1	0.0283069
433503	426	14.1	0.0327547
435003	427	14.4	0.0318538
436503	429	14.1	0.0319834
438004	430	22.8	0.0295088
439504	432	22.8	0.0281167
441004	433	22.5	0.0278773
442504	435	27.9	0.0302504
444004	436	27.9	0.0296645
445503	438	30.1	0.0298776
447004	439	30.2	0.0307509
448503	441	25.3	0.0432566
450004	442	25.6	0.0410266
451503	444	25.4	0.042476
453003	445	19.9	0.0358371
454504	446	19.9	0.0352369
456004	448	19.9	0.0325478
457504	449	19.9	0.0290593
459004	451	22.4	0.029183
460504	452	22.5	0.0286975
462003	454	22.5	0.0295867
463503	455	24.8	0.0290691
465004	457	24.6	0.0293153
466503	458	24.8	0.0220984
468003	460	19.0	0.025222
469504	461	19.0	0.0334157
471004	463	19.0	0.0327104
472504	464	12.1	0.0356002
474004	466	12.1	0.0403935
475504	467	12.1	0.0369685
477003	469	12.1	0.041252
478504	470	12.0	0.0376644
480004	472	17.2	0.0369926
481503	473	17.4	0.0410419
483003	474	17.2	0.0391592
484504	476	17.2	0.0422168
486003	477	17.2	0.0379014
487503	479	15.4	0.040063
489004	480	15.4	0.0445318
490504	482	15.2	0.0417828
492004	483	15.4	0.043362
493504	485	18.2	0.0406719
495003	486	18.2	0.0369205
496504	488	18.2	0.0410874
498004	489	22.3	0.0361537
499503	491	22.5	0.0362644
501003	492	22.5	0.0391245
502503	494	25.3	0.0362259
504003	495	25.1	0.0344214
505503	497	25.1	0.0375759
507003	498	27.4	0.0328068
508503	500	27.0	0.0287707
510003	501	27.3	0.0330461
511504	502	29.4	0.030287
513004	504	29.4	0.037996
514504	505	29.7	0.0395138
516004	507	30.5	0.0336512
517503	508	30.6	0.03372
519003	510	29.9	0.0315832
520503	511	30.2	0.0320381
522004	513	27.3	0.0352796
523503	514	27.3	0.0414471
525004	516	31.5	0.0426443
526503	517	31.7	0.0361544
528004	519	32.7	0.0391642
529503	520	32.7	0.0343488
531004	522	33.4	0.0281666
532503	523	33.7	0.0262652
534003	525	33.0	0.0318007
535503	526	33.0	0.0262935
537003	528	27.9	0.0300864
538503	529	28.3	0.0316919
540004	530	27.9	0.0397473
541504	532	28.9	0.0425043
543004	533	28.5	0.0412321
544503	535	28.9	0.0421689
546003	536	31.2	0.035933
547503	538	31.2	0.0369038
549003	539	31.7	0.0354645
550503	541	31.4	0.0363837
552003	542	32.1	0.0368192
553503	544	32.1	0.0358085
555003	545	32.8	0.0363904
556503	547	32.8	0.0333737
558003	548	32.5	0.0360243
559503	550	32.6	0.0336893
561003	551	32.1	0.0370479
562504	553	32.1	0.0367121
564003	554	32.3	0.0349273
565503	556	32.1	0.0296485
567004	557	33.5	0.0327953
568503	558	33.5	0.032419
570004	560	39.5	0.0358781
571504	561	39.8	0.0365659
573004	563	44.2	0.0395813
574504	564	44.2	0.0404353
576004	566	44.5	0.0451254
577503	567	44.5	0.0469945
579003	569	45.0	0.0474871
580503	570	44.7	0.0478888
582003	572	45.2	0.0498414
583503	573	45.2	0.0470204
585004	575	45.7	0.0427654
586504	576	46.9	0.0413036
588003	578	50.4	0.0368545
589504	579	50.6	0.0416288
591004	581	57.4	0.0441263
592504	582	62.1	0.0403278
594003	584	62.6	0.0409972
595504	585	62.6	0.0383518
597004	586	63.2	0.0381456
598504	588	67.8	0.0360339
600003	589	67.9	0.034867
601504	591	73.3	0.0367838
603004	592	77.7	0.0402301
604503	594	81.7	0.0389309
606003	595	81.6	0.0404613
607503	597	85.5	0.0363194
609003	598	89.1	0.0291484
610503	600	90.4	0.0261514
612003	601	91.1	0.0300368
613504	603	91.5	0.0267253
615003	604	91.5	0.0245888
616503	606	91.5	0.0240319
618003	607	91.7	0.0263043
619503	609	90.3	0.0290369
621004	610	90.5	0.0336282
622503	611	90.9	0.0319589
624003	613	90.3	0.0292528
625504	614	90.3	0.0301548
627003	616	88.4	0.0285652
628504	617	84.5	0.0266315
630003	619	80.6	0.0218928
631504	620	80.9	0.0236902
633003	622	77.6	0.0218421
634503	623	74.7	0.0268853
636003	625	72.9	0.0330034
637504	626	73.0	0.034079
639003	628	69.8	0.0308504
640504	629	67.3	0.0290947
642003	631	67.0	0.0298162
643504	632	66.9	0.0362372
645004	634	69.1	0.0372603
646504	635	71.7	0.0380559
648003	637	73.1	0.0366246
649503	638	73.1	0.0372605
651004	639	73.6	0.0385964
652503	641	73.7	0.0376025
654004	642	73.8	0.0392799
655504	644	74.4	0.0388597
657004	645	74.0	0.0377931
658503	647	73.1	0.0399623
660003	648	73.4	0.0446989
661503	650	72.1	0.0416178
663004	651	71.1	0.0432008
664504	653	70.6	0.0411353
666003	654	70.3	0.0442883
667504	656	69.6	0.0446215
669003	657	70.4	0.0477259
670504	659	71.3	0.0467754
672004	660	71.3	0.0450421
673504	662	72.7	0.0417114
675004	663	72.7	0.0408981
676504	665	71.0	0.0425991
678003	666	71.0	0.045168
679504	667	70.3	0.0450918
681003	669	67.9	0.045312
682504	670	67.8	0.0449555
684004	672	66.0	0.042769
685503	673	65.2	0.0392701
687004	675	64.5	0.0400647
688504	676	64.3	0.0406887
690003	678	63.9	0.0407379
691503	679	64.1	0.0431914
693003	681	66.0	0.0411151
694504	682	66.5	0.0463132
696003	684	68.7	0.0478186
697504	685	76.6	0.049106
699003	687	83.9	0.0488475
700503	688	84.3	0.0481949
702003	690	85.6	0.043782
703503	691	85.9	0.0396109
705004	693	96.1	0.0414786
706503	694	91.4	0.0425891
708003	695	89.6	0.0398939
709504	697	91.0	0.0369215
711004	698	90.8	0.0360158
712504	700	87.8	0.0337474
714003	701	87.6	0.0343245
715504	703	86.6	0.0331073
717004	704	86.5	0.0326818
718504	706	86.3	0.0304128
720004	707	86.0	0.0293137
721504	709	87.0	0.0259521
723003	710	87.4	0.0255624
724504	712	90.0	0.0217549
726003	713	90.1	0.0214537
727503	715	96.0	0.0192568
729003	716	95.7	0.0201654
730504	718	97.2	0.0193995
732003	719	96.0	0.0202288
733504	721	97.2	0.0199348
735003	722	97.5	0.023684
736503	723	98.2	0.0272429
738003	725	97.2	0.0264126
739504	726	96.9	0.0244573
741003	728	96.7	0.0204615
742504	729	96.4	0.0235132
744003	731	94.7	0.0252652
745504	732	94.2	0.0257347
747003	734	94.8	0.0232648
748503	735	95.2	0.0217518
750003	737	94.6	0.0223354
751503	738	96.5	0.0231422
753004	740	96.4	0.0235142
754504	741	96.9	0.0241275
756003	743	96.3	0.0235552
757503	744	95.8	0.024201
759004	746	92.5	0.0269727
760504	747	90.3	0.0292334
762004	749	90.9	0.0272822
763503	750	92.0	0.0224313
765004	751	92.7	0.0224881
766504	753	92.3	0.0245185
768003	754	92.7	0.0252485
769504	756	91.8	0.0237348
771003	757	90.4	0.0203318
772504	759	90.9	0.0152559
774004	760	90.0	0.0172645
775503	762	90.2	0.0170846
777003	763	89.3	0.0175962
778503	765	87.8	0.0168547
780004	766	87.8	0.0173246
781503	768	87.3	0.0167782
783004	769	87.2	0.0218843
784504	771	88.2	0.0253169
786003	772	88.6	0.0254953
787504	774	91.0	0.0221205
789003	775	92.2	0.0185844
790504	777	91.9	0.0220274
792004	778	92.3	0.0234276
793504	779	92.2	0.0237984
795004	781	91.9	0.0205415
796504	782	92.3	0.0167096
798004	784	91.8	0.0143606
799503	785	91.9	0.0150287
801003	787	91.5	0.0146509
802503	788	91.7	0.0154371
804004	790	92.9	0.0154133
805504	791	91.2	0.0166078
807003	793	87.6	0.0170464
808503	794	87.4	0.0176052
810003	796	84.4	0.0178447
811503	797	80.2	0.0166676
813003	799	78.6	0.0174381
814503	800	78.7	0.0189857
816004	802	80.8	0.0208168
817504	803	81.6	0.0214056
819004	805	82.7	0.0231276
820504	806	82.7	0.0221769
822003	807	84.0	0.0264123
823504	809	85.2	0.0259032
825004	810	85.2	0.0234618
826503	812	86.5	0.0215972
828003	813	87.8	0.0252213
829503	815	88.4	0.0263656
831003	816	88.6	0.0262712
832504	818	87.9	0.0246869
834004	819	88.5	0.0214363
835504	821	89.5	0.0179651
837004	822	90.0	0.0144201
838504	824	89.3	0.014995
840004	825	89.2	0.0122537
841504	827	89.9	0.0141299
843003	828	90.0	0.0139709
844503	830	89.8	0.0151335
846004	831	91.8	0.0196666
847503	833	98.5	0.0268528
849004	834	101.8	0.0305743
850504	835	105.2	0.0347166
852003	837	110.8	0.0372983
853504	838	111.1	0.0404013
855003	840	111.4	0.0414894
856504	841	112.1	0.0428187
858003	843	113.2	0.0417819
859503	844	113.6	0.0402792
861003	846	114.2	0.0405317
862504	847	113.9	0.0409768
864004	849	111.2	0.0408448
865504	850	117.7	0.0388105
867003	852	112.0	0.0434901
868503	853	112.0	0.0455421
870003	855	113.0	0.0443203
871503	856	114.6	0.0377014
873004	858	113.8	0.0347384
874503	859	113.5	0.0350353
876003	861	115.1	0.034522
877504	862	116.5	0.0306971
879003	863	116.2	0.0280543
880504	865	117.0	0.0271431
882004	866	117.1	0.0250389
883503	868	117.4	0.0273766
885004	869	117.3	0.0314041
886504	871	118.6	0.0331459
888004	872	118.4	0.0280283
889504	874	118.3	0.026451
891003	875	118.7	0.0259027
892504	877	118.1	0.0268019
894003	878	119.9	0.0269998
895504	880	120.1	0.0285722
897003	881	120.1	0.029326
898503	883	119.7	0.0292175
900004	884	119.0	0.0255152
901504	886	117.5	0.0273453
903003	887	117.7	0.030123
904503	889	117.1	0.033752
906004	890	115.0	0.0343415
907504	891	117.5	0.0295307
909004	893	110.2	0.0325031
910504	894	111.5	0.0340281
912003	896	110.6	0.0352729
913503	897	111.5	0.0319761
915004	899	112.0	0.0309197
916504	900	111.9	0.0290479
918003	902	113.6	0.0275432
919503	903	114.5	0.0241679
921004	905	116.1	0.0259568
922503	906	114.6	0.0284041
924004	908	114.6	0.0315736
925504	909	116.0	0.0312474
927004	911	115.6	0.0288099
928503	912	119.0	0.0279721
930003	914	127.9	0.028433
931503	915	126.3	0.0283358
933004	917	126.7	0.0247455
934504	918	126.4	0.0277332
936004	919	124.1	0.0276406
937503	921	127.0	0.0298369
939004	922	127.7	0.0318303
940504	924	127.0	0.0350766
942004	925	127.7	0.0348435
943503	927	123.9	0.030976
945003	928	123.1	0.0261136
946504	930	122.6	0.0273732
948003	931	121.8	0.0256659
949503	933	119.4	0.0242075
951003	934	119.6	0.0236024
952503	936	119.5	0.0242666
954004	937	119.5	0.0267667
955504	939	119.0	0.0307632
957003	940	118.8	0.0287875
958504	942	117.7	0.0339369
960004	943	118.6	0.0364924
961503	945	118.8	0.0363375
963003	946	119.0	0.0380098
964504	947	119.0	0.0383745
966004	949	120.7	0.0401636
967503	950	121.1	0.0400979
969004	952	120.2	0.0389521
970504	953	119.8	0.0381192
972003	955	119.5	0.0367113
973504	956	121.2	0.0375198
975003	958	121.0	0.0395965
976503	959	121.7	0.0398354
978003	961	121.9	0.0380686
979504	962	122.4	0.0350598
981003	964	122.8	0.0354344
982503	965	123.2	0.0356947
984003	967	123.2	0.0341652
985504	968	122.0	0.0356277
987003	970	122.3	0.037277
988503	971	120.6	0.0384784
990004	972	120.1	0.0330796
991504	974	120.4	0.0280891
993003	975	121.5	0.0276278
994503	977	120.5	0.0279254
996004	978	120.8	0.0253229
997504	980	121.5	0.0219573
999003	981	121.9	0.0193552
1000504	983	118.8	0.0202652
1002004	984	118.0	0.0203352
1003504	986	114.2	0.019056
1005004	987	111.7	0.0208792
1006503	989	107.5	0.024284
1008003	990	108.7	0.0269361
1009504	992	107.8	0.0239343
1011003	993	108.1	0.0249847
1012504	995	110.5	0.026284
1014004	996	112.2	0.0259912
1015503	998	116.8	0.0214414
1017004	999	118.5	0.018155
1018504	1000	121.2	0.0165274
1020004	1002	122.8	0.0173488
1021503	1003	124.8	0.0170448
1023004	1005	124.3	0.0184491
1024504	1006	124.2	0.017873
1026004	1008	122.7	0.018514
1027504	1009	122.7	0.0174911
1029003	1011	122.9	0.0157428
1030504	1012	123.4	0.0162991
1032004	1014	121.4	0.0188664
1033503	1015	121.1	0.0218346
1035004	1017	120.5	0.0232595
1036504	1018	118.4	0.0236121
1038003	1020	115.8	0.0198067
1039503	1021	115.8	0.0223622
1041003	1023	117.5	0.0243895
1042504	1024	117.1	0.0227293
1044003	1026	116.8	0.0178708
1045504	1027	117.5	0.0163725
1047003	1028	115.4	0.0159863
1048504	1030	116.7	0.0165001
1050004	1031	118.6	0.0166514
1051503	1033	118.2	0.0184293
1053004	1034	117.8	0.0227403
1054503	1036	116.0	0.0260422
1056004	1037	118.7	0.0230242
1057503	1039	117.1	0.0199482
1059003	1040	116.4	0.0230128
1060504	1042	111.2	0.0226875
1062004	1043	107.6	0.0196814
1063503	1045	101.8	0.0141346
1065003	1046	95.6	0.0145582
1066503	1048	89.3	0.0147003
1068003	1049	89.6	0.0155459
1069503	1051	88.5	0.0166203
1071003	1052	87.8	0.0186215
1072503	1054	86.2	0.0214264
1074003	1055	86.2	0.0260754
1075504	1056	89.6	0.0272514
1077004	1058	95.8	0.0250738
1078504	1059	97.4	0.0238386
1080003	1061	118.5	0.0222879
1081504	1062	125.4	0.0253581
1083003	1064	117.2	0.0244255
1084504	1065	113.0	0.0221996
1086003	1067	96.3	0.018155
1087503	1068	79.1	0.0198705
1089004	1070	57.9	0.0201719
1090503	1071	57.4	0.023289
1092004	1073	34.8	0.0273885
1093504	1074	35.0	0.0304799
1095004	1076	0.0	0.0365908
1096504	1077	0.0	0.041174
1098003	1079	0.0	0.0480151
1099504	1080	0.0	0.0519898
1101004	1082	0.0	0.0422892
1102503	1083	0.0	0.0383316
1104003	1084	0.0	0.0274347
1105503	1086	0.0	0.0156779
1107003	1087	0.0	0.00867908
1108503	1089	0.0	0
1110004	1090	11.9	0
1111503	1092	19.9	0
1113004	1093	19.9	0.0538163
1114503	1095	47.1	0.0500462
1116004	1096	47.1	0.0461883
1117504	1098	61.6	0.0424361
1119004	1099	66.2	0.0482007
1120503	1101	67.1	0.0416351
1122003	1102	67.5	0.0339333
1123503	1104	68.9	0.0315876
1125004	1105	68.3	0.031369
1126503	1107	67.8	0.0294696
1128004	1108	67.7	0.0226817
1129504	1110	67.0	0.0179595
1131003	1111	66.6	0.0160624
1132504	1112	66.1	0.0162403
1134004	1114	66.9	0.0137408
1135504	1115	66.7	0.0167416
1137003	1117	71.3	0.0172205
1138504	1118	71.3	0.020005
1140004	1120	69.7	0.022299
1141504	1121	67.8	0.0248033
1143004	1123	69.0	0.0233236
1144503	1124	69.0	0.0244262
1146003	1126	69.2	0.0247255
1147503	1127	69.0	0.0252285
1149004	1129	68.3	0.0244991
1150504	1130	68.4	0.02451
1152004	1132	68.0	0.0239357
1153503	1133	68.0	0.0241337
1155004	1135	66.8	0.0232131
1156503	1136	66.7	0.0217833
1158003	1138	66.6	0.0228162
1159504	1139	66.3	0.0205874
1161004	1140	66.3	0.0218674
1162504	1142	66.9	0.0210826
1164003	1143	65.8	0.0250349
1165503	1145	65.7	0.0238664
1167004	1146	66.0	0.0267286
1168503	1148	65.5	0.0266228
1170004	1149	63.3	0.0288827
1171504	1151	63.5	0.0272023
1173003	1152	63.7	0.0292131
1174503	1154	61.0	0.0299874
1176003	1155	56.1	0.0293742
1177504	1157	49.9	0.0291851
1179003	1158	49.9	0.0288228
1180504	1160	41.1	0.0283048
1182003	1161	41.1	0.0263968
1183504	1163	30.5	0.0290866
1185004	1164	30.7	0.0233427
1186504	1166	24.0	0.0227908
1188003	1167	23.7	0.0208591
1189504	1168	24.0	0.0267242
1191003	1170	35.1	0.0289939
1192504	1171	34.7	0.0269961
1194003	1173	42.1	0.0294154
1195503	1174	42.1	0.0312709
1197003	1176	44.1	0.0302788
1198504	1177	43.9	0.0317511
1200004	1179	35.0	0.0352292
1201503	1180	35.0	0.0413743
1203004	1182	29.8	0.045502
1204504	1183	29.5	0.0461087
1206003	1185	30.1	0.0470754
1207504	1186	29.7	0.0467575
1209003	1188	30.1	0.0467803
1210503	1189	28.4	0.0468727
1212003	1191	28.1	0.0469854
1213503	1192	28.2	0.0455681
1215004	1194	34.7	0.0478146
1216503	1195	34.7	0.0467295
1218003	1196	35.4	0.0481733
1219503	1198	35.4	0.0458295
1221003	1199	31.4	0.0424887
1222504	1201	31.5	0.0318618
1224004	1202	18.5	0.0240831
1225504	1204	18.8	0.0242646
1227003	1205	18.5	0.0240998
1228503	1207	30.6	0.0253305
1230003	1208	30.6	0.0249611
1231504	1210	33.9	0.0259929
1233004	1211	33.5	0.0270804
1234503	1213	35.0	0.0274963
1236004	1214	35.0	0.0264247
1237503	1216	32.9	0.0287847
1239003	1217	32.9	0.0291619
1240503	1219	39.4	0.0297167
1242003	1220	39.4	0.0298149
1243504	1222	58.5	0.0306051
1245004	1223	58.4	0.031293
1246503	1224	61.6	0.0310224
1248004	1226	59.2	0.0292598
1249504	1227	58.9	0.0251472
1251004	1229	50.7	0.0255196
1252503	1230	43.7	0.0247933
1254003	1232	43.7	0.0229253
1255504	1233	50.1	0.0218895
1257003	1235	50.4	0.0212395
1258503	1236	50.1	0.0207973
1260004	1238	46.7	0.0248046
1261504	1239	31.3	0.0271769
1263004	1241	31.3	0.0276453
1264504	1242	25.6	0.0269809
1266003	1244	25.6	0.0277255
1267503	1245	25.6	0.027121
1269004	1247	43.1	0.0384702
1270504	1248	43.1	0.0361056
1272003	1250	38.5	0.0353779
1273504	1251	38.5	0.0360641
1275003	1252	35.1	0.0336957
1276503	1254	35.1	0.0344381
1278004	1255	44.5	0.035286
1279503	1257	44.5	0.0400776
1281004	1258	53.0	0.0385706
1282503	1260	52.3	0.0398152
1284004	1261	52.3	0.0337417
1285503	1263	43.3	0.0297334
1287003	1264	43.3	0.0251373
1288504	1266	54.4	0.0234256
1290004	1267	55.1	0.0226397
1291504	1269	48.0	0.0194224
1293003	1270	47.9	0.0218701
1294504	1272	33.1	0.0184376
1296003	1273	33.1	0.0190804
1297504	1275	39.7	0.0222076
1299003	1276	39.7	0.0218183
1300504	1278	51.8	0.0229036
1302004	1279	55.9	0.0260137
1303504	1280	55.5	0.0251653
1305003	1282	54.5	0.0276956
1306503	1283	53.3	0.0218675
1308003	1285	52.4	0.0214842
1309504	1286	52.0	0.0212917
1311003	1288	50.9	0.0209978
1312504	1289	49.4	0.0190291
1314003	1291	42.0	0.021624
1315503	1292	42.1	0.0248772
1317003	1294	24.9	0.0300883
1318503	1295	24.9	0.0293841
1320004	1297	24.9	0.0295494
1321503	1298	18.0	0.0343254
1323004	1300	18.0	0.0354414
1324504	1301	18.1	0.0343301
1326004	1303	26.7	0.0322171
1327503	1304	26.7	0.0291633
1329003	1306	26.7	0.0267162
1330503	1307	18.6	0.0322491
1332003	1308	18.3	0.0319475
1333503	1310	18.3	0.0311563
1335004	1311	18.6	0.0354923
1336503	1313	24.7	0.0274766
1338004	1314	24.9	0.0251379
1339504	1316	24.9	0.042904
1341004	1317	34.5	0.0381301
1342504	1319	34.5	0.0342328
1344004	1320	47.8	0.0331243
1345503	1322	54.4	0.0307206
1347003	1323	54.2	0.0262026
1348504	1325	45.6	0.0297471
1350004	1326	34.3	0.0282493
1351503	1328	34.3	0.025568
1353003	1329	46.6	0.0276988
1354504	1331	52.7	0.0226042
1356003	1332	52.4	0.0149701
1357503	1334	54.9	0.0136605
1359003	1335	56.9	0.0167102
1360503	1336	57.0	0.0163371
1362004	1338	57.9	0.0232772
1363504	1339	56.0	0.0295923
1365003	1341	51.7	0.0315491
1366504	1342	51.6	0.031672
1368004	1344	47.1	0.0324498
1369504	1345	43.3	0.0327983
1371004	1347	42.9	0.0322796
1372504	1348	40.1	0.0332431
1374004	1350	39.7	0.028542
1375503	1351	32.3	0.03311
1377003	1353	32.3	0.0317355
1378504	1354	14.6	0.0324036
1380004	1356	14.5	0.0307011
1381503	1357	15.0	0.031978
1383003	1359	14.9	0.0437231
1384504	1360	14.6	0.0463932
1386004	1361	51.1	0.0414565
1387504	1363	56.7	0.0456234
1389004	1364	56.7	0.0418788
1390503	1366	59.6	0.0416412
1392003	1367	59.9	0.0274638
1393504	1369	58.6	0.024879
1395004	1370	58.4	0.0218271
1396503	1372	57.2	0.0215377
1398004	1373	56.8	0.0219049
1399504	1375	54.8	0.0214614
1401004	1376	54.8	0.0279356
1402504	1378	54.8	0.0278826
1404003	1379	55.3	0.032308
1405504	1381	54.9	0.0341033
1407004	1382	55.1	0.0354388
1408504	1384	48.0	0.0352671
1410004	1385	48.5	0.0355832
1411503	1387	49.1	0.0341185
1413004	1388	48.9	0.038174
1414504	1389	50.0	0.0337166
1416003	1391	49.8	0.0317082
1417504	1392	50.1	0.0301501
1419003	1394	51.2	0.028902
1420504	1395	50.4	0.0299342
1422004	1397	38.0	0.0270708
1423504	1398	38.4	0.0315989
1425004	1400	19.2	0.0332619
1426503	1401	19.4	0.0317291
1428004	1403	19.2	0.0323249
1429503	1404	19.5	0.0328043
1431003	1406	48.6	0.0386884
1432503	1407	48.8	0.0342465
1434004	1409	46.1	0.0310519
1435504	1410	37.9	0.0313509
1437003	1412	37.9	0.0392175
1438503	1413	21.7	0.0471925
1440004	1415	21.3	0.0453964
1441503	1416	21.7	0.0410683
1443004	1417	21.3	0.0435265
1444503	1419	44.9	0.0419942
1446003	1420	44.9	0.0378623
1447504	1422	46.4	0.0376263
1449003	1423	41.2	0.0447152
1450503	1425	41.2	0.0448445
1452004	1426	31.2	0.0442661
1453504	1428	31.2	0.0432005
1455003	1429	32.8	0.0429306
1456504	1431	32.8	0.0407335
1458004	1432	32.7	0.0361952
1459504	1434	32.5	0.0353329
1461004	1435	33.5	0.0329044
1462503	1437	33.1	0.034585
1464004	1438	35.9	0.0325577
1465504	1440	35.9	0.0295367
1467004	1441	0.0	0.0223642
1468503	1441	0.0	0.0240223
1470004	1441	0.0	0.02706
1471504	1441	0.0	0.0288939
1473004	1441	0.0	0.030617
1474504	1441	0.0	0.0170031
1476003	1441	0.0	0.0119557
1477503	1441	0.0	0.00918419
1479004	1441	0.0	0.00377348
1480504	1441	0.0	0.0281703
1482004	1441	0.0	0.0340216
1483503	1441	0.0	0.0365419
1485003	1441	0.0	0.0142289
1486503	1441	0.0	0.0191544
1488004	1441	0.0	0.0211433
1489503	1441	0.0	0.0201885
1491004	1441	0.0	0.0136584
1492503	1441	0.0	0.0166544
1494003	1441	0.0	0.00516085
1495504	1441	0.0	0.0149684
1497003	1441	0.0	0.0170288
1498504	1441	0.0	0.0210988
1500003	1441	0.0	0.0163292
1501504	1441	0.0	0.0151932
1503003	1441	0.0	0.0210449
1504504	1441	0.0	0.0137718
