frame	fix	elapsed_s	route_kmh	rmse	identical	in_window
1	0	0.884	107.4	0.327977	0	0
2	0	1.781	107.4	0.000000	1	0
3	0	2.661	107.4	0.000000	1	0
4	0	3.506	107.4	0.000000	1	0
5	0	4.414	107.4	0.051967	0	0
6	0	5.255	107.4	0.171438	0	0
7	0	6.099	107.4	0.201443	0	0
8	0	7.033	107.4	0.169069	0	0
9	0	8.092	107.4	11.669667	0	1
10	1	8.849	105.6	1.637626	0	1
11	2	9.605	104.8	7.733741	0	1
12	3	10.384	106.4	7.522185	0	1
13	3	11.285	106.4	3.885465	0	1
14	4	12.153	106.9	3.728318	0	1
15	5	12.986	106.4	3.292229	0	1
16	6	13.848	106.6	1.508859	0	1
17	7	14.705	105.9	0.839790	0	1
18	8	15.494	105.9	0.841417	0	1
19	8	16.378	105.9	4.317887	0	1
20	9	17.227	105.1	2.823301	0	1
21	10	18.056	104.8	2.528416	0	1
22	11	18.882	104.8	2.887735	0	1
23	12	19.724	104.8	2.719651	0	1
24	13	20.599	104.8	3.156411	0	1
25	13	21.432	104.8	3.349665	0	1
26	14	22.257	104.3	3.347183	0	1
27	15	23.097	104.1	2.890430	0	1
28	16	23.925	103.8	3.524749	0	1
29	17	24.761	103.6	2.580515	0	1
30	17	25.650	103.6	3.375777	0	1
31	18	26.466	102.3	3.574813	0	1
32	19	27.283	102.1	2.620162	0	1
33	20	28.117	102.3	3.248413	0	1
34	21	28.943	102.6	3.872399	0	1
35	22	29.772	103.3	3.165393	0	1
36	22	30.668	103.3	3.479558	0	1
37	23	31.480	102.8	2.799229	0	1
38	24	32.326	101.8	2.849417	0	1
39	25	33.152	101.3	2.895183	0	1
40	26	33.995	100.6	3.001257	0	1
41	27	34.859	99.3	3.118121	0	1
42	27	35.772	99.3	4.159354	0	1
43	28	36.612	99.1	4.295108	0	1
44	29	37.484	99.8	4.008067	0	1
45	30	38.367	101.1	4.446646	0	1
46	31	39.202	102.1	4.338094	0	1
47	32	40.058	102.8	3.207746	0	1
48	33	40.948	103.4	2.926115	0	1
49	33	41.821	103.4	3.799726	0	1
50	34	42.650	103.9	3.325738	0	1
51	35	43.547	104.4	2.773450	0	1
52	36	44.409	104.1	2.583605	0	1
53	37	45.269	103.1	2.965116	0	1
54	38	46.134	103.4	2.538515	0	1
55	38	46.989	103.4	2.590329	0	1
56	39	47.845	102.9	2.687139	0	1
57	40	48.709	102.4	2.485903	0	1
58	41	49.599	102.4	2.839145	0	1
59	42	50.478	102.4	3.297131	0	1
60	43	51.366	102.4	3.214916	0	1
61	44	52.229	102.7	3.531564	0	1
62	44	53.092	102.7	3.322684	0	1
63	45	53.973	103.2	3.375475	0	1
64	46	54.833	102.7	3.191506	0	1
65	47	55.704	102.5	3.286177	0	1
66	48	56.591	103.0	2.969342	0	1
67	49	57.481	102.6	3.241036	0	1
68	50	58.333	102.6	2.937934	0	1
69	50	59.229	102.6	2.595071	0	1
70	51	60.111	102.6	2.502545	0	1
71	52	61.014	102.8	2.310267	0	1
72	53	61.925	102.9	2.882697	0	1
73	54	62.797	101.7	2.801396	0	1
74	55	63.665	100.1	2.319305	0	1
75	56	64.539	98.9	2.669605	0	1
76	57	65.420	97.9	2.090644	0	1
77	57	66.314	97.9	1.818292	0	1
78	58	67.173	97.2	1.879087	0	1
79	59	68.045	96.6	1.964230	0	1
80	60	68.923	95.7	2.015451	0	1
81	61	69.769	94.5	2.797995	0	1
82	62	70.654	94.0	1.899249	0	1
83	63	71.559	94.4	1.834337	0	1
84	63	72.452	94.4	1.989970	0	1
85	64	73.341	93.5	2.921695	0	1
86	65	74.253	92.8	2.443088	0	1
87	66	75.109	92.5	2.781487	0	1
88	67	76.025	92.5	3.220409	0	1
89	68	76.892	93.0	3.414628	0	1
90	69	77.774	94.1	2.651234	0	1
91	70	78.669	92.8	2.189044	0	1
92	70	79.547	92.8	2.701179	0	1
93	71	80.447	92.0	2.861987	0	1
94	72	81.353	91.5	2.935055	0	1
95	73	82.241	90.3	2.947046	0	1
96	74	83.106	90.0	3.276890	0	1
97	75	83.984	87.7	4.471771	0	1
98	76	84.854	87.5	4.399269	0	1
99	77	85.753	84.9	4.274325	0	1
100	77	86.678	84.9	4.208690	0	1
101	78	87.558	85.2	3.466151	0	1
102	79	88.432	80.4	3.344332	0	1
103	80	89.345	80.7	3.586210	0	1
104	81	90.208	73.9	3.114182	0	1
105	82	91.055	73.9	5.224841	0	1
106	83	91.951	69.3	5.870280	0	1
107	83	92.862	69.3	6.184375	0	1
108	84	93.758	69.3	4.462361	0	1
109	85	94.686	64.0	4.236055	0	1
110	86	95.592	63.9	3.894859	0	1
111	87	96.464	54.5	3.770269	0	1
112	88	97.383	54.7	4.662787	0	1
113	89	98.281	46.7	5.062575	0	1
114	90	99.158	46.7	8.848410	0	1
115	91	100.013	43.6	8.310613	0	1
116	91	100.909	43.6	7.529299	0	1
117	92	101.804	43.4	6.414138	0	1
118	93	102.671	43.4	5.361834	0	1
119	94	103.556	42.2	4.995340	0	1
120	95	104.431	42.3	6.247898	0	1
121	96	105.336	42.3	6.102692	0	1
122	97	106.193	44.2	5.155273	0	1
123	98	107.147	44.2	5.343717	0	1
124	98	108.074	44.2	5.290469	0	1
125	99	108.934	44.1	5.679983	0	1
126	100	109.842	44.5	5.987504	0	1
127	101	110.703	44.5	5.885684	0	1
128	102	111.556	44.5	6.541944	0	1
129	103	112.433	45.7	6.544597	0	1
130	104	113.323	45.9	6.653256	0	1
131	104	114.224	45.9	5.540184	0	1
132	105	115.089	47.1	5.083799	0	1
133	106	115.966	47.5	4.822655	0	1
134	107	116.845	46.7	5.463332	0	1
135	108	117.739	46.9	5.514243	0	1
136	109	118.610	47.0	7.542035	0	1
137	110	119.494	47.2	9.807644	0	1
138	111	120.402	47.6	9.073959	0	1
139	111	121.288	47.6	9.197982	0	1
140	112	122.196	47.4	9.613060	0	1
141	113	123.084	48.3	9.757648	0	1
142	114	123.974	48.0	6.901056	0	1
143	115	124.815	47.0	3.256695	0	1
144	116	125.740	47.1	5.597092	0	1
145	117	126.616	48.5	4.793202	0	1
146	118	127.514	48.6	4.454140	0	1
147	118	128.378	48.6	3.437090	0	1
148	119	129.275	50.0	4.030054	0	1
149	120	130.166	49.8	4.916335	0	1
150	121	131.029	49.0	5.101798	0	1
151	122	131.891	49.1	6.600949	0	1
152	123	132.797	42.6	6.514310	0	1
153	124	133.701	42.9	7.151860	0	1
154	124	134.567	42.9	7.633023	0	1
155	125	135.486	42.6	7.874656	0	1
156	126	136.363	38.3	8.241261	0	1
157	127	137.236	38.2	8.091896	0	1
158	128	138.118	37.9	7.576481	0	1
159	129	138.966	36.2	8.051551	0	1
160	130	139.860	36.2	8.657392	0	1
161	131	140.774	36.3	7.981034	0	1
162	131	141.664	36.3	7.900970	0	1
163	132	142.596	37.9	7.498749	0	1
164	133	143.469	37.8	7.556663	0	1
165	134	144.342	37.9	6.505291	0	1
166	135	145.224	39.8	5.667976	0	1
167	136	146.098	39.7	6.371383	0	1
168	137	146.993	39.8	5.492703	0	1
169	138	147.903	36.4	5.210796	0	1
170	138	148.780	36.4	5.140493	0	1
171	139	149.638	36.3	4.904922	0	1
172	140	150.470	36.3	5.143514	0	1
173	141	151.369	36.0	5.098679	0	1
174	142	152.249	36.0	5.189077	0	1
175	143	153.176	36.1	4.417747	0	1
176	144	154.073	32.7	5.384409	0	1
177	144	154.943	32.7	6.060644	0	1
178	145	155.849	33.1	4.106267	0	1
179	146	156.770	33.0	4.562322	0	1
180	147	157.665	28.5	6.576516	0	1
181	148	158.538	28.3	7.274866	0	1
182	149	159.410	28.5	7.582940	0	1
183	150	160.319	28.5	5.845454	0	1
184	151	161.205	15.6	4.845552	0	1
185	151	162.096	15.6	5.107741	0	1
186	152	162.964	15.6	3.436641	0	1
187	153	163.841	15.6	2.559032	0	1
188	154	164.683	15.6	2.485981	0	1
189	155	165.583	15.9	2.547920	0	1
190	156	166.441	15.6	5.594883	0	1
191	157	167.360	11.9	5.157685	0	1
192	158	168.253	12.0	5.546742	0	1
193	158	169.131	12.0	4.624141	0	1
194	159	169.968	12.2	3.963153	0	1
195	160	170.831	12.0	3.536005	0	1
196	161	171.714	11.9	3.572133	0	1
197	162	172.566	12.0	6.400289	0	1
198	163	173.455	12.2	6.732868	0	1
199	164	174.360	12.0	3.924222	0	1
200	164	175.221	12.0	4.134798	0	1
201	165	176.096	10.7	8.275445	0	1
202	166	177.004	10.6	9.932601	0	1
203	167	177.880	10.7	8.206914	0	1
204	168	178.773	10.7	8.029805	0	1
205	169	179.673	10.6	6.777886	0	1
206	170	180.569	10.7	5.877968	0	1
207	170	181.471	10.7	6.824194	0	1
208	171	182.367	10.7	5.906881	0	1
209	172	183.261	10.7	4.936138	0	1
210	173	184.142	10.6	4.522752	0	1
211	174	185.031	14.6	6.591562	0	1
212	175	185.923	14.6	12.072959	0	1
213	176	186.784	14.4	10.001378	0	1
214	177	187.685	14.6	8.280930	0	1
215	177	188.599	14.6	6.119003	0	1
216	178	189.528	14.4	5.078432	0	1
217	179	190.396	14.6	4.736050	0	1
218	180	191.262	14.4	4.195874	0	1
219	181	192.138	14.1	4.492699	0	1
220	182	193.024	13.9	5.482643	0	1
221	183	193.863	14.2	6.441921	0	1
222	184	194.755	13.9	7.996240	0	1
223	184	195.655	13.9	5.612655	0	1
224	185	196.543	13.9	5.466262	0	1
225	186	197.429	14.2	6.143489	0	1
226	187	198.288	13.9	6.104263	0	1
227	188	199.203	11.5	6.501705	0	1
228	189	200.077	11.2	6.071581	0	1
229	190	200.977	11.1	5.463499	0	1
230	190	201.834	11.1	6.630259	0	1
231	191	202.730	11.5	6.113375	0	1
232	192	203.595	11.2	5.736336	0	1
233	193	204.462	11.1	4.653141	0	1
234	194	205.366	11.5	6.011137	0	1
235	195	206.231	11.2	7.220991	0	1
236	196	207.102	11.2	5.797697	0	1
237	196	207.968	11.2	5.058618	0	1
238	197	208.831	17.6	6.075432	0	1
239	198	209.701	17.5	5.915122	0	1
240	199	210.569	17.5	6.191786	0	1
241	200	211.466	17.6	4.584722	0	1
242	201	212.344	17.5	6.367457	0	1
243	202	213.248	17.5	6.765777	0	1
244	203	214.153	19.9	5.032909	0	1
245	203	215.049	19.9	6.308219	0	1
246	204	215.927	19.7	6.416202	0	1
247	205	216.788	20.0	6.323183	0	1
248	206	217.655	19.9	4.419592	0	1
249	207	218.550	19.8	4.308434	0	1
250	208	219.440	14.8	6.050459	0	1
251	209	220.327	14.8	3.879286	0	1
252	209	221.204	14.8	3.242962	0	1
253	210	222.092	14.8	3.194911	0	1
254	211	222.968	15.1	3.378269	0	1
255	212	223.840	14.8	3.493249	0	1
256	213	224.728	14.8	3.444113	0	1
257	214	225.609	14.8	3.598146	0	1
258	215	226.488	15.9	3.457210	0	1
259	216	227.377	16.3	4.289351	0	1
260	216	228.247	16.3	5.635654	0	1
261	217	229.170	15.9	4.200448	0	1
262	218	230.038	15.9	5.094199	0	1
263	219	230.892	16.3	5.788870	0	1
264	220	231.791	15.9	6.957863	0	1
265	221	232.680	15.4	7.592340	0	1
266	222	233.583	15.4	10.258098	0	1
267	223	234.518	15.8	9.470943	0	1
268	223	235.409	15.8	10.235548	0	1
269	224	236.296	15.4	8.704119	0	1
270	225	237.134	15.4	8.456719	0	1
271	226	237.998	15.4	8.222502	0	1
272	227	238.830	19.0	8.756423	0	1
273	228	239.713	19.0	9.559178	0	1
274	229	240.603	19.0	9.128951	0	1
275	229	241.495	19.0	9.215395	0	1
276	230	242.354	19.0	9.425441	0	1
277	231	243.215	18.9	9.228883	0	1
278	232	244.104	22.8	8.969990	0	1
279	233	244.983	22.7	11.080469	0	1
280	234	245.861	22.8	9.360605	0	1
281	235	246.767	22.7	9.983490	0	1
282	235	247.641	22.7	9.526027	0	1
283	236	248.542	15.7	8.419100	0	1
284	237	249.456	15.5	9.008192	0	1
285	238	250.338	15.7	8.153011	0	1
286	239	251.233	15.4	7.738660	0	1
287	240	252.149	15.8	7.613067	0	1
288	241	253.004	15.7	9.103230	0	1
289	242	253.875	18.0	8.346229	0	1
290	242	254.766	18.0	8.450508	0	1
291	243	255.656	18.2	7.467351	0	1
292	244	256.508	18.1	7.266174	0	1
293	245	257.382	18.2	7.864035	0	1
294	246	258.256	18.0	7.853217	0	1
295	247	259.138	13.5	5.513283	0	1
296	248	260.023	13.6	8.070256	0	1
297	249	260.960	13.4	6.153395	0	1
298	249	261.862	13.4	3.859448	0	1
299	250	262.735	13.4	3.722415	0	1
300	251	263.573	13.4	3.810299	0	1
301	252	264.474	13.7	3.913518	0	1
302	253	265.336	13.4	6.974201	0	1
303	254	266.195	24.7	5.794359	0	1
304	255	267.089	24.7	6.596570	0	1
305	255	267.990	24.7	5.886735	0	1
306	256	268.878	24.7	4.785135	0	1
307	257	269.766	24.7	4.378568	0	1
308	258	270.632	28.3	4.529110	0	1
309	259	271.501	28.1	6.186450	0	1
310	260	272.370	28.3	6.523653	0	1
311	261	273.223	28.1	6.138186	0	1
312	261	274.100	28.1	6.179008	0	1
313	262	274.989	23.7	5.597230	0	1
314	263	275.854	23.8	5.008575	0	1
315	264	276.754	23.8	4.540946	0	1
316	265	277.632	23.7	4.341286	0	1
317	266	278.496	23.3	4.667786	0	1
318	267	279.384	23.4	5.063597	0	1
319	267	280.239	23.4	4.346615	0	1
320	268	281.158	23.2	4.523845	0	1
321	269	282.028	23.3	5.586458	0	1
322	270	282.880	24.6	4.733202	0	1
323	271	283.785	24.5	5.570907	0	1
324	272	284.679	24.6	5.851214	0	1
325	273	285.562	24.5	5.965697	0	1
326	274	286.464	22.9	5.655816	0	1
327	274	287.338	22.9	7.125924	0	1
328	275	288.215	22.5	5.296786	0	1
329	276	289.132	22.5	4.884902	0	1
330	277	290.005	22.7	4.383787	0	1
331	278	290.850	22.5	6.067617	0	1
332	279	291.750	27.4	5.556727	0	1
333	280	292.670	27.7	5.609920	0	1
334	281	293.545	27.4	4.649088	0	1
335	281	294.429	27.4	4.831762	0	1
336	282	295.292	27.5	4.470724	0	1
337	283	296.130	31.2	5.896534	0	1
338	284	297.020	30.9	7.960121	0	1
339	285	297.923	31.2	6.524556	0	1
340	286	298.827	31.6	5.438518	0	1
341	287	299.738	31.6	4.945398	0	1
342	287	300.650	31.6	4.120961	0	1
343	288	301.527	31.6	3.916783	0	1
344	289	302.388	26.9	6.290617	0	1
345	290	303.302	26.7	6.084149	0	1
346	291	304.232	26.8	6.813873	0	1
347	292	305.144	26.9	4.927555	0	1
348	293	306.000	21.6	4.257404	0	1
349	294	306.930	21.9	2.984375	0	1
350	295	307.816	21.6	2.194876	0	1
351	295	308.710	21.6	1.964659	0	1
352	296	309.599	21.6	1.931023	0	1
353	297	310.489	21.9	2.138872	0	1
354	298	311.357	20.4	2.506949	0	1
355	299	312.233	20.4	4.023605	0	1
356	300	313.164	20.4	3.121291	0	1
357	301	314.053	20.4	2.732529	0	1
358	302	314.934	20.6	3.180823	0	1
359	302	315.787	20.6	3.764474	0	1
360	303	316.662	18.6	3.827088	0	1
361	304	317.561	18.8	3.424096	0	1
362	305	318.440	18.9	3.354212	0	1
363	306	319.298	18.8	5.284784	0	1
364	307	320.178	18.8	4.467754	0	1
365	308	321.049	20.9	4.042584	0	1
366	308	321.942	20.9	3.742932	0	1
367	309	322.811	21.2	3.601429	0	1
368	310	323.670	20.9	3.428237	0	1
369	311	324.584	21.0	3.489040	0	1
370	312	325.465	21.1	5.122883	0	1
371	313	326.347	25.9	4.920011	0	1
372	314	327.247	26.1	5.501970	0	1
373	314	328.149	26.1	5.422840	0	1
374	315	329.022	26.2	4.728297	0	1
375	316	329.902	25.9	4.859379	0	1
376	317	330.806	31.2	7.281584	0	1
377	318	331.713	31.2	9.794660	0	1
378	319	332.609	31.2	8.453276	0	1
379	320	333.514	33.0	7.056351	0	1
380	321	334.416	33.3	6.609588	0	1
381	322	335.305	33.2	4.507414	0	1
382	322	336.292	33.2	4.641901	0	1
383	323	337.208	30.5	3.835423	0	1
384	324	338.144	30.5	4.187180	0	1
385	325	339.087	30.8	4.332204	0	1
386	326	340.074	28.9	5.487222	0	1
387	327	340.979	29.1	5.730396	0	1
388	328	341.847	28.9	4.975184	0	1
389	329	342.817	29.1	6.730763	0	1
390	330	343.753	29.5	6.212723	0	1
391	331	344.714	29.3	5.844494	0	1
392	332	345.533	29.5	6.014966	0	1
393	333	346.617	29.3	6.101338	0	1
394	334	347.514	32.3	6.073527	0	1
395	334	348.360	32.3	6.416011	0	1
396	335	349.238	32.0	6.180500	0	1
397	336	350.033	32.1	5.729129	0	1
398	337	350.833	31.7	7.034911	0	1
399	338	351.651	31.9	7.636143	0	1
400	338	352.429	31.9	8.258409	0	1
401	339	353.283	31.9	8.991487	0	1
402	340	354.045	26.4	9.227596	0	1
403	341	355.000	26.7	12.339041	0	1
404	342	355.946	26.7	11.416817	0	1
405	343	356.805	26.4	10.646406	0	1
406	344	357.711	18.6	8.682875	0	1
407	344	358.621	18.6	8.722232	0	1
408	345	359.527	18.7	9.935692	0	1
409	346	360.403	18.6	9.916149	0	1
410	347	361.262	18.5	9.198110	0	1
411	348	362.158	18.6	8.618720	0	1
412	349	363.026	9.4	9.463967	0	1
413	350	363.943	9.4	9.169062	0	1
414	351	364.828	9.4	7.744370	0	1
415	351	365.741	9.4	8.704348	0	1
416	352	366.648	9.4	9.090806	0	1
417	353	367.540	9.4	8.438237	0	1
418	354	368.353	9.7	7.358216	0	1
419	355	369.244	9.4	7.675210	0	1
420	356	370.128	9.4	6.711236	0	1
421	357	371.016	9.4	7.718892	0	1
422	357	371.900	9.4	8.043953	0	1
423	358	372.781	9.5	10.356053	0	1
424	359	373.672	10.7	8.241978	0	1
425	360	374.515	10.5	8.691118	0	1
426	361	375.376	10.7	8.579281	0	1
427	362	376.232	10.8	8.420581	0	1
428	363	377.128	10.7	11.908670	0	1
429	363	378.037	10.7	10.837820	0	1
430	364	378.940	10.7	10.685543	0	1
431	365	379.826	10.6	9.980036	0	1
432	366	380.716	10.7	8.005294	0	1
433	367	381.578	10.7	10.169114	0	1
434	368	382.511	11.3	9.037052	0	1
435	369	383.415	11.2	10.807509	0	1
436	370	384.320	11.5	9.697237	0	1
437	371	385.249	11.3	8.708733	0	1
438	371	386.155	11.3	8.702887	0	1
439	372	387.007	11.2	7.959427	0	1
440	373	387.905	11.2	8.973106	0	1
441	374	388.759	11.3	8.640344	0	1
442	375	389.669	11.2	9.088332	0	1
443	376	390.544	11.6	9.073963	0	1
444	377	391.405	19.3	7.989302	0	1
445	377	392.286	19.3	7.799708	0	1
446	378	393.161	19.5	6.738489	0	1
447	379	394.082	19.7	5.202736	0	1
448	380	394.965	19.5	0.774049	0	1
449	381	395.846	19.4	3.080317	0	1
450	382	396.725	22.7	5.107102	0	1
451	383	397.659	22.7	5.110493	0	1
452	384	398.565	22.7	3.392561	0	1
453	385	399.491	22.5	3.790600	0	1
454	385	400.353	22.5	5.987472	0	1
455	386	401.249	22.7	4.911149	0	1
456	387	402.150	21.0	4.730055	0	1
457	388	403.096	21.0	3.643642	0	1
458	389	403.977	21.0	2.572620	0	1
459	390	404.863	21.0	2.537257	0	1
460	391	405.766	21.0	2.754607	0	1
461	392	406.658	13.6	3.125811	0	1
462	392	407.560	13.6	5.289136	0	1
463	393	408.399	13.6	3.263789	0	1
464	394	409.269	13.5	3.304133	0	1
465	395	410.156	13.6	2.543739	0	1
466	396	411.040	13.5	4.068761	0	1
467	397	411.927	13.6	4.172332	0	1
468	398	412.857	13.5	4.459122	0	1
469	399	413.799	11.8	4.400537	0	1
470	399	414.698	11.8	4.593026	0	1
471	400	415.551	11.8	3.477057	0	1
472	401	416.419	11.6	3.091881	0	1
473	402	417.277	11.8	2.816921	0	1
474	403	418.133	11.8	2.600154	0	1
475	404	418.960	11.5	2.112050	0	1
476	405	419.895	11.8	5.531266	0	1
477	405	420.801	11.8	4.955530	0	1
478	406	421.727	11.8	3.632865	0	1
479	407	422.624	12.1	2.599723	0	1
480	408	423.518	12.0	5.115871	0	1
481	409	424.402	12.1	3.835620	0	1
482	410	425.308	12.2	4.317635	0	1
483	411	426.179	12.1	5.389130	0	1
484	412	427.063	12.0	4.942664	0	1
485	412	427.947	12.0	4.275486	0	1
486	413	428.870	12.1	3.711257	0	1
487	414	429.727	12.1	2.577938	0	1
488	415	430.616	13.0	2.364384	0	1
489	416	431.521	12.9	2.288109	0	1
490	417	432.396	12.9	5.406650	0	1
491	418	433.265	13.1	4.814808	0	1
492	419	434.119	12.8	4.569565	0	1
493	419	435.009	12.8	6.045823	0	1
494	420	435.879	12.9	5.888576	0	1
495	421	436.733	13.1	5.309230	0	1
496	422	437.576	12.9	3.965661	0	1
497	423	438.415	14.4	4.616778	0	1
498	424	439.328	14.1	6.543132	0	1
499	425	440.209	14.5	4.985884	0	1
500	425	441.081	14.5	6.181811	0	1
501	426	441.966	14.1	4.411967	0	1
502	427	442.878	14.4	5.301088	0	1
503	428	443.784	14.5	4.895044	0	1
504	429	444.673	14.1	5.693234	0	1
505	430	445.556	22.8	5.939938	0	1
506	431	446.479	22.4	3.931031	0	1
507	432	447.383	22.8	5.192057	0	1
508	432	448.290	22.8	5.101839	0	1
509	433	449.172	22.5	4.127650	0	1
510	434	450.073	27.9	4.482351	0	1
511	435	451.018	27.9	4.629163	0	1
512	436	451.964	27.9	3.830391	0	1
513	437	452.841	27.9	4.091395	0	1
514	438	453.750	30.1	3.933314	0	1
515	439	454.666	30.2	9.089961	0	1
516	440	455.568	30.2	7.878045	0	1
517	441	456.503	25.3	6.650243	0	1
518	441	457.387	25.3	8.310809	0	1
519	442	458.276	25.6	8.235397	0	1
520	443	459.157	25.6	6.745054	0	1
521	444	460.008	25.4	5.250858	0	1
522	445	460.843	19.9	5.637822	0	1
523	446	461.723	19.9	4.589944	0	1
524	447	462.602	19.9	3.268890	0	1
525	447	463.468	19.9	2.924359	0	1
526	448	464.357	19.9	2.860106	0	1
527	449	465.231	19.9	3.245324	0	1
528	450	466.107	22.8	2.891892	0	1
529	451	467.000	22.4	3.446546	0	1
530	452	467.924	22.5	5.214765	0	1
531	453	468.825	22.4	5.004712	0	1
532	454	469.729	22.5	4.727556	0	1
533	454	470.630	22.5	4.444882	0	1
534	455	471.526	24.8	3.310745	0	1
535	456	472.405	24.6	2.978293	0	1
536	457	473.308	24.6	3.046756	0	1
537	458	474.217	24.8	3.259881	0	1
538	459	475.075	19.0	3.664107	0	1
539	460	475.981	19.0	7.314532	0	1
540	460	476.832	19.0	6.023249	0	1
541	461	477.741	19.0	6.470203	0	1
542	462	478.648	19.0	7.662086	0	1
543	463	479.528	19.0	8.669796	0	1
544	464	480.395	12.1	9.840641	0	1
545	465	481.279	12.0	10.290938	0	1
546	466	482.162	12.1	9.984191	0	1
547	467	483.042	12.1	10.721807	0	1
548	467	483.922	12.1	9.694575	0	1
549	468	484.822	12.1	9.964394	0	1
550	469	485.702	12.1	9.228598	0	1
551	470	486.602	12.0	10.686083	0	1
552	471	487.498	12.1	11.123443	0	1
553	472	488.429	17.2	11.649780	0	1
554	473	489.298	17.4	10.597946	0	1
555	474	490.163	17.2	12.916102	0	1
556	474	491.047	17.2	12.820931	0	1
557	475	491.955	17.2	12.185315	0	1
558	476	492.876	17.2	12.130863	0	1
559	477	493.725	17.2	12.298455	0	1
560	478	494.633	15.3	12.973175	0	1
561	479	495.527	15.4	12.939701	0	1
562	480	496.410	15.4	12.065165	0	1
563	481	497.332	15.5	12.021813	0	1
564	481	498.197	15.5	13.375513	0	1
565	482	499.080	15.2	12.488846	0	1
566	483	499.966	15.4	12.388713	0	1
567	484	500.845	18.3	11.837617	0	1
568	485	501.730	18.2	11.257609	0	1
569	486	502.597	18.2	11.654369	0	1
570	487	503.465	18.2	11.406197	0	1
571	487	504.351	18.2	11.414092	0	1
572	488	505.257	18.2	10.893119	0	1
573	489	506.152	22.3	12.278272	0	1
574	490	507.030	22.7	11.819898	0	1
575	491	507.905	22.5	10.632031	0	1
576	492	508.807	22.5	10.141130	0	1
577	493	509.658	22.5	9.155438	0	1
578	494	510.566	25.3	8.826931	0	1
579	494	511.468	25.3	8.952850	0	1
580	495	512.388	25.1	8.521040	0	1
581	496	513.273	25.3	8.015122	0	1
582	497	514.168	25.1	6.973932	0	1
583	498	515.052	27.4	4.733669	0	1
584	499	515.928	27.0	3.777230	0	1
585	500	516.786	27.0	4.659996	0	1
586	501	517.673	27.3	4.032121	0	1
587	501	518.558	27.3	4.002222	0	1
588	502	519.492	29.4	9.534013	0	1
589	503	520.370	29.4	9.120045	0	1
590	504	521.253	29.4	8.061390	0	1
591	505	522.134	29.7	6.010519	0	1
592	506	523.035	30.6	4.643094	0	1
593	507	523.975	30.5	6.341289	0	1
594	508	524.876	30.6	5.291155	0	1
595	509	525.777	30.0	5.239079	0	1
596	509	526.666	30.0	3.880962	0	1
597	510	527.569	29.9	4.847488	0	1
598	511	528.503	30.2	4.866952	0	1
599	512	529.416	27.4	8.277545	0	1
600	513	530.335	27.3	9.470119	0	1
601	514	531.216	27.3	8.614967	0	1
602	515	532.078	27.3	7.006430	0	1
603	516	532.983	31.5	6.681108	0	1
604	517	533.898	31.7	9.142603	0	1
605	517	534.841	31.7	8.839470	0	1
606	518	535.766	31.7	8.099540	0	1
607	519	536.612	32.7	5.528488	0	1
608	520	537.478	32.7	4.119961	0	1
609	521	538.358	32.9	4.101370	0	1
610	522	539.250	33.4	4.806450	0	1
611	523	540.135	33.7	7.163798	0	1
612	524	541.066	33.4	3.864121	0	1
613	524	541.969	33.4	3.774457	0	1
614	525	542.861	33.0	3.409715	0	1
615	526	543.749	33.0	3.237457	0	1
616	527	544.638	32.7	2.550727	0	1
617	528	545.533	27.9	4.155874	0	1
618	529	546.413	28.3	8.792011	0	1
619	530	547.297	27.9	8.655703	0	1
620	531	548.226	27.9	7.301255	0	1
621	531	549.144	27.9	4.875340	0	1
622	532	550.049	28.9	8.702073	0	1
623	533	550.940	28.5	4.027264	0	1
624	534	551.823	28.9	4.231014	0	1
625	535	552.714	28.9	9.291571	0	1
626	536	553.582	31.2	8.264181	0	1
627	537	554.491	31.3	5.700969	0	1
628	538	555.414	31.2	7.217649	0	1
629	539	556.325	31.7	6.214955	0	1
630	539	557.250	31.7	5.149109	0	1
631	540	558.109	31.7	4.971171	0	1
632	541	558.991	31.4	5.029720	0	1
633	542	559.902	32.1	5.127017	0	1
634	543	560.792	32.1	5.383409	0	1
635	544	561.648	32.1	5.910009	0	1
636	545	562.562	32.8	6.070469	0	1
637	546	563.472	32.7	6.190035	0	1
638	546	564.398	32.7	6.609265	0	1
639	547	565.296	32.8	6.567577	0	1
640	548	566.214	32.5	6.761118	0	1
641	549	567.129	32.5	6.725402	0	1
642	550	568.021	32.6	6.445522	0	1
643	551	568.900	32.1	6.853976	0	1
644	552	569.777	32.1	7.370577	0	1
645	553	570.658	32.1	6.880182	0	1
646	553	571.559	32.1	6.934637	0	1
647	554	572.429	32.3	6.821598	0	1
648	555	573.344	32.0	7.420728	0	1
649	556	574.263	32.1	7.661322	0	1
650	557	575.160	33.5	8.053180	0	1
651	558	576.047	33.5	8.083355	0	1
652	559	576.978	33.5	9.255970	0	1
653	560	577.861	39.5	9.211847	0	1
654	561	578.761	39.8	9.145229	0	1
655	561	579.638	39.8	9.116724	0	1
656	562	580.548	39.5	8.939850	0	1
657	563	581.470	44.2	9.630955	0	1
658	564	582.378	44.2	9.306453	0	1
659	565	583.252	44.2	8.532340	0	1
660	566	584.174	44.5	8.870329	0	1
661	567	585.066	44.5	8.977291	0	1
662	568	585.967	44.5	8.717719	0	1
663	569	586.889	45.0	8.624239	0	1
664	569	587.803	45.0	9.370168	0	1
665	570	588.678	44.7	8.565503	0	1
666	571	589.560	45.0	8.070111	0	1
667	572	590.485	45.2	7.220007	0	1
668	573	591.375	45.2	6.152414	0	1
669	574	592.285	45.9	7.109843	0	1
670	575	593.162	45.7	6.300509	0	1
671	576	594.035	46.9	6.161107	0	1
672	576	594.931	46.9	6.883887	0	1
673	577	595.859	46.6	8.376460	0	1
674	578	596.760	50.4	11.794801	0	1
675	579	597.678	50.6	12.111082	0	1
676	580	598.582	57.3	10.702293	0	1
677	581	599.506	57.4	12.293200	0	1
678	582	600.362	62.1	15.054100	0	1
679	583	601.266	61.9	16.378025	0	1
680	584	602.160	62.6	16.185043	0	1
681	584	603.070	62.6	15.514704	0	1
682	585	603.970	62.6	16.032497	0	1
683	586	604.843	63.2	16.593771	0	1
684	587	605.768	63.3	16.707714	0	1
685	588	606.671	67.8	16.002145	0	1
686	589	607.600	67.9	16.346578	0	1
687	590	608.503	73.4	16.861895	0	1
688	591	609.417	73.3	17.775887	0	1
689	592	610.319	77.7	16.148632	0	1
690	592	611.260	77.7	14.605820	0	1
691	593	612.131	77.9	15.557706	0	1
692	594	613.048	81.7	16.255354	0	1
693	595	613.986	81.6	11.794484	0	1
694	596	614.876	85.5	11.116007	0	1
695	597	615.760	85.5	11.524504	0	1
696	598	616.655	89.1	10.808197	0	1
697	599	617.539	89.1	10.979768	0	1
698	600	618.514	90.4	9.239635	0	1
699	600	619.419	90.4	7.932146	0	1
700	601	620.306	91.1	6.669675	0	1
701	602	621.229	90.6	4.960952	0	1
702	603	622.095	91.5	4.975988	0	1
703	604	623.015	91.5	5.208318	0	1
704	605	623.908	91.9	5.288373	0	1
705	606	624.778	91.5	5.518182	0	1
706	607	625.661	91.7	5.738457	0	1
707	607	626.526	91.7	6.616602	0	1
708	608	627.454	91.2	7.075064	0	1
709	609	628.358	90.3	7.085064	0	1
710	610	629.225	90.5	6.930405	0	1
711	611	630.203	90.9	6.717953	0	1
712	612	631.138	90.5	6.654967	0	1
713	613	631.976	90.3	6.390912	0	1
714	614	632.877	90.3	6.004669	0	1
715	615	633.797	88.1	4.942479	0	1
716	615	634.686	88.1	4.309448	0	1
717	616	635.593	88.4	4.644650	0	1
718	617	636.489	84.5	4.965944	0	1
719	618	637.405	84.4	4.895205	0	1
720	619	638.272	80.6	4.714585	0	1
721	620	639.161	80.9	4.667764	0	1
722	621	640.031	77.2	4.533998	0	1
723	622	640.946	77.6	7.348546	0	1
724	623	641.887	74.7	8.339629	0	1
725	623	642.796	74.7	10.319880	0	1
726	624	643.650	74.9	10.308752	0	1
727	625	644.521	72.9	9.808726	0	1
728	626	645.407	73.0	8.408902	0	1
729	627	646.252	70.1	8.018637	0	1
730	628	647.178	69.8	6.709785	0	1
731	629	648.081	67.3	5.647854	0	1
732	630	649.010	67.3	5.310174	0	1
733	630	649.892	67.3	4.304240	0	1
734	631	650.798	67.0	4.914109	0	1
735	632	651.718	66.9	5.685840	0	1
736	633	652.637	69.1	6.517704	0	1
737	634	653.575	69.1	6.368715	0	1
738	635	654.447	71.7	6.396109	0	1
739	636	655.341	71.8	7.489958	0	1
740	637	656.222	73.1	6.455309	0	1
741	637	657.118	73.1	8.436876	0	1
742	638	658.021	73.1	9.816123	0	1
743	639	658.925	73.6	8.411515	0	1
744	640	659.819	73.4	7.372133	0	1
745	641	660.685	73.7	7.132507	0	1
746	642	661.565	73.8	7.515717	0	1
747	643	662.436	74.4	7.128554	0	1
748	644	663.340	74.4	7.530466	0	1
749	645	664.272	74.0	9.065479	0	1
750	645	665.159	74.0	10.494614	0	1
751	646	666.053	73.7	10.569673	0	1
752	647	666.999	73.1	10.637989	0	1
753	648	667.875	73.4	10.516822	0	1
754	649	668.767	71.9	10.502592	0	1
755	650	669.662	72.1	12.089366	0	1
756	651	670.591	71.1	12.575221	0	1
757	652	671.514	71.1	12.942011	0	1
758	652	672.408	71.1	11.769981	0	1
759	653	673.321	70.6	12.423755	0	1
760	654	674.199	70.3	12.103139	0	1
761	655	675.118	69.6	12.289275	0	1
762	656	676.039	69.6	12.830317	0	1
763	657	676.906	70.4	11.717560	0	1
764	658	677.847	70.6	13.191605	0	1
765	659	678.776	71.3	14.042236	0	1
766	660	679.616	71.3	14.072171	0	1
767	660	680.510	71.3	13.345068	0	1
768	661	681.400	72.7	12.885524	0	1
769	662	682.272	72.7	12.585185	0	1
770	663	683.122	72.7	12.712163	0	1
771	664	684.072	72.7	12.290567	0	1
772	665	684.971	71.0	12.665508	0	1
773	666	685.847	71.0	14.059266	0	1
774	667	686.743	70.3	15.754810	0	1
775	667	687.648	70.3	17.395748	0	1
776	668	688.557	69.9	18.286507	0	1
777	669	689.488	67.9	18.150492	0	1
778	670	690.394	67.8	19.029790	0	1
779	671	691.283	65.6	18.637473	0	1
780	672	692.159	66.0	14.982803	0	1
781	673	693.063	65.2	17.308894	0	1
782	674	693.960	64.7	16.926480	0	1
783	675	694.887	64.5	15.682908	0	1
784	675	695.814	64.5	15.652524	0	1
785	676	696.694	64.3	16.040570	0	1
786	677	697.566	63.6	16.950735	0	1
787	678	698.457	63.9	16.953295	0	1
788	679	699.381	64.1	16.670723	0	1
789	680	700.275	64.3	17.312728	0	1
790	681	701.177	66.0	17.455132	0	1
791	682	702.104	66.5	18.325431	0	1
792	683	703.092	68.4	18.032331	0	1
793	684	704.000	68.7	18.323000	0	1
794	684	704.910	68.7	15.848701	0	1
795	685	705.832	76.6	16.427647	0	1
796	686	706.734	77.1	15.658728	0	1
797	687	707.617	83.9	16.158611	0	1
798	688	708.510	84.3	15.785343	0	1
799	689	709.398	85.9	16.103471	0	1
800	690	710.315	85.6	15.331764	0	1
801	691	711.184	85.9	15.811866	0	1
802	691	712.081	85.9	15.629987	0	1
803	692	712.970	85.8	14.683852	0	1
804	693	713.909	96.1	14.618200	0	1
805	694	714.822	91.4	14.373257	0	1
806	695	715.703	89.6	13.302346	0	1
807	696	716.592	89.6	10.378403	0	1
808	697	717.496	91.0	9.598893	0	1
809	698	718.441	90.8	9.962451	0	1
810	699	719.319	90.4	10.918164	0	1
811	699	720.267	90.4	10.615191	0	1
812	700	721.202	87.8	9.791137	0	1
813	701	722.120	87.6	9.029722	0	1
814	702	723.023	86.9	9.105907	0	1
815	703	723.935	86.6	8.112540	0	1
816	704	724.844	86.5	7.243401	0	1
817	705	725.739	86.4	8.363569	0	1
818	706	726.678	86.3	8.832877	0	1
819	707	727.554	86.0	9.199312	0	1
820	708	728.485	87.3	8.807495	0	1
821	708	729.378	87.3	7.262009	0	1
822	709	730.275	87.0	6.325387	0	1
823	710	731.203	87.4	6.675126	0	1
824	711	732.135	87.4	6.129675	0	1
825	712	733.091	90.0	5.601997	0	1
826	713	734.002	90.1	4.990433	0	1
827	714	734.890	94.8	4.187888	0	1
828	715	735.822	96.0	5.002774	0	1
829	716	736.669	95.7	5.434224	0	1
830	716	737.584	95.7	4.910085	0	1
831	717	738.481	96.3	4.728527	0	1
832	718	739.413	97.2	5.281289	0	1
833	719	740.335	96.0	4.627849	0	1
834	720	741.306	95.4	4.932360	0	1
835	721	742.230	97.2	6.153597	0	1
836	722	743.127	97.5	5.382507	0	1
837	723	744.027	98.2	5.603596	0	1
838	724	744.902	97.8	5.530550	0	1
839	725	745.805	97.2	5.403996	0	1
840	725	746.711	97.2	5.019127	0	1
841	726	747.619	96.9	5.193925	0	1
842	727	748.569	97.3	4.881649	0	1
843	728	749.492	96.7	4.946221	0	1
844	729	750.405	96.4	4.623982	0	1
845	730	751.328	96.3	4.952917	0	1
846	731	752.188	94.7	4.963062	0	1
847	732	753.134	94.2	5.528162	0	1
848	733	754.003	94.7	5.710724	0	1
849	734	754.911	94.8	5.471399	0	1
850	734	755.846	94.8	5.183853	0	1
851	735	756.782	95.2	4.905919	0	1
852	736	757.658	94.6	5.835888	0	1
853	737	758.561	94.6	6.618439	0	1
854	738	759.450	96.5	7.068664	0	1
855	739	760.423	95.2	6.650517	0	1
856	740	761.301	96.4	6.624925	0	1
857	741	762.208	96.9	6.706902	0	1
858	742	763.098	96.3	7.312998	0	1
859	742	764.002	96.3	7.886350	0	1
860	743	764.865	96.3	8.292385	0	1
861	744	765.786	95.8	7.718529	0	1
862	745	766.682	94.5	6.961318	0	1
863	746	767.568	92.5	6.813387	0	1
864	747	768.506	90.3	6.854537	0	1
865	748	769.369	90.8	7.048941	0	1
866	749	770.297	90.9	6.863764	0	1
867	750	771.216	92.0	6.015302	0	1
868	750	772.178	92.0	6.732303	0	1
869	751	773.112	92.7	6.036084	0	1
870	752	774.072	91.7	6.376665	0	1
871	753	774.984	92.3	6.693808	0	1
872	754	775.913	92.7	6.760812	0	1
873	755	776.812	91.6	7.610443	0	1
874	756	777.752	91.8	8.017883	0	1
875	757	778.658	90.4	7.547430	0	1
876	758	779.560	91.4	5.434447	0	1
877	759	780.499	90.9	3.802213	0	1
878	760	781.410	90.0	3.576196	0	1
879	760	782.344	90.0	4.659062	0	1
880	761	783.259	89.9	4.784182	0	1
881	762	784.185	90.2	3.831613	0	1
882	763	785.148	89.3	3.878553	0	1
883	764	786.056	88.9	4.363198	0	1
884	765	786.971	87.8	4.499330	0	1
885	766	787.880	87.8	3.762251	0	1
886	767	788.779	87.3	3.123600	0	1
887	768	789.698	87.3	4.381463	0	1
888	769	790.605	87.2	4.521972	0	1
889	769	791.500	87.2	4.540827	0	1
890	770	792.430	87.2	3.920802	0	1
891	771	793.338	88.2	3.250345	0	1
892	772	794.223	88.6	3.659289	0	1
893	773	795.135	90.6	4.514209	0	1
894	774	796.053	91.0	4.204650	0	1
895	775	796.914	92.2	5.035525	0	1
896	776	797.834	93.1	5.106264	0	1
897	777	798.723	91.9	4.223489	0	1
898	777	799.645	91.9	3.509197	0	1
899	778	800.535	92.3	1.397549	0	1
900	779	801.460	92.2	1.064802	0	1
901	780	802.372	92.5	0.914464	0	1
902	781	803.254	91.9	1.490736	0	1
903	782	804.099	92.3	0.336319	0	1
904	783	805.017	91.9	0.358577	0	1
905	784	805.948	91.8	0.358968	0	1
906	785	806.858	91.9	0.417801	0	1
907	785	807.730	91.9	0.648614	0	1
908	786	808.693	91.7	0.566712	0	1
909	787	809.586	91.5	0.494108	0	1
910	788	810.460	91.7	0.809876	0	1
911	789	811.342	92.3	1.551492	0	1
912	790	812.289	92.9	0.991865	0	1
913	791	813.195	91.2	1.238598	0	1
914	792	814.109	89.9	1.186534	0	1
915	793	815.030	87.6	1.420499	0	1
916	793	815.955	87.6	1.531206	0	1
917	794	816.878	87.4	1.472484	0	1
918	795	817.793	84.4	2.040365	0	1
919	796	818.722	84.4	2.373970	0	1
920	797	819.636	80.2	2.440718	0	1
921	798	820.559	80.4	3.679900	0	1
922	799	821.427	78.6	4.121629	0	1
923	800	822.254	78.7	6.181062	0	1
924	801	823.163	80.6	7.293404	0	1
925	801	824.048	80.6	6.262112	0	1
926	802	824.983	80.8	6.571282	0	1
927	803	825.912	81.6	6.493916	0	1
928	804	826.798	82.0	6.560545	0	1
929	805	827.679	82.7	6.210780	0	1
930	806	828.504	82.7	6.640397	0	1
931	807	829.378	84.0	6.861195	0	1
932	808	830.305	84.2	6.386989	0	1
933	808	831.247	84.2	5.757144	0	1
934	809	832.203	85.2	5.356530	0	1
935	810	833.153	85.2	5.784333	0	1
936	811	834.075	86.7	5.311337	0	1
937	812	834.982	86.5	5.724744	0	1
938	813	835.896	87.8	5.909362	0	1
939	814	836.824	87.6	5.425520	0	1
940	815	837.735	88.4	5.192121	0	1
941	816	838.651	88.6	5.061757	0	1
942	817	839.523	88.2	6.365182	0	1
943	817	840.403	88.2	5.800902	0	1
944	818	841.333	87.9	5.327046	0	1
945	819	842.225	88.5	3.159681	0	1
946	820	843.144	88.7	2.205683	0	1
947	821	844.067	89.5	5.176270	0	1
948	822	844.962	90.0	7.258715	0	1
949	823	845.839	90.2	7.647227	0	1
950	824	846.683	89.3	6.728699	0	1
951	825	847.601	89.2	6.445642	0	1
952	825	848.490	89.2	6.080130	0	1
953	826	849.409	90.2	5.691087	0	1
954	827	850.311	89.9	5.334731	0	1
955	828	851.220	90.0	5.087282	0	1
956	829	852.104	90.0	5.241004	0	1
957	830	853.013	89.8	5.744022	0	1
958	831	853.909	91.8	5.979793	0	1
959	832	854.868	95.0	5.657704	0	1
960	832	855.727	95.0	5.552584	0	1
961	833	856.613	98.5	4.946416	0	1
962	834	857.562	101.8	5.077286	0	1
963	835	858.452	105.2	5.319703	0	1
964	836	859.404	108.9	5.604832	0	1
965	837	860.281	110.8	6.069605	0	1
966	838	861.167	111.1	7.125983	0	1
967	839	862.073	111.1	7.730679	0	1
968	840	862.983	111.4	7.896443	0	1
969	840	863.880	111.4	7.525877	0	1
970	841	864.740	112.1	7.303947	0	1
971	842	865.618	112.7	7.086893	0	1
972	843	866.529	113.2	7.977981	0	1
973	844	867.413	113.6	9.235484	0	1
974	845	868.366	114.3	9.598073	0	1
975	846	869.288	114.2	10.155929	0	1
976	847	870.152	113.9	9.734318	0	1
977	848	871.036	115.0	9.651458	0	1
978	848	871.936	115.0	9.210516	0	1
979	849	872.843	111.2	8.926013	0	1
980	850	873.759	117.7	8.741657	0	1
981	851	874.652	115.2	8.574104	0	1
982	852	875.553	112.0	8.190788	0	1
983	853	876.449	112.0	7.827676	0	1
984	854	877.352	113.6	8.237202	0	1
985	855	878.244	113.0	6.728916	0	1
986	855	879.146	113.0	5.431523	0	1
987	856	880.094	114.6	5.979614	0	1
988	857	880.972	114.1	5.589577	0	1
989	858	881.923	113.8	4.780856	0	1
990	859	882.791	113.5	4.488477	0	1
991	860	883.698	115.0	4.823949	0	1
992	861	884.570	115.1	4.381010	0	1
993	862	885.463	116.5	4.205851	0	1
994	863	886.354	116.2	4.693215	0	1
995	863	887.263	116.2	4.565415	0	1
996	864	888.169	117.1	4.411510	0	1
997	865	889.066	117.0	4.392855	0	1
998	866	889.960	117.1	4.551084	0	1
999	867	890.890	117.8	3.942830	0	1
1000	868	891.767	117.4	3.436656	0	1
1001	869	892.665	117.3	2.968721	0	1
1002	870	893.593	117.5	2.439849	0	1
1003	871	894.484	118.6	2.348809	0	1
1004	871	895.394	118.6	2.325157	0	1
1005	872	896.327	118.4	2.314938	0	1
1006	873	897.271	118.4	2.205628	0	1
1007	874	898.176	118.3	2.350593	0	1
1008	875	899.064	118.7	2.368667	0	1
1009	876	899.965	119.0	2.577870	0	1
1010	877	900.865	118.1	3.491547	0	1
1011	878	901.750	119.9	3.718890	0	1
1012	879	902.685	119.9	4.334851	0	1
1013	880	903.617	120.1	4.862868	0	1
1014	880	904.500	120.1	4.873311	0	1
1015	881	905.413	120.1	4.855097	0	1
1016	882	906.265	119.9	5.018009	0	1
1017	883	907.183	119.7	5.489666	0	1
1018	884	908.053	119.0	5.551577	0	1
1019	885	908.949	118.4	5.178817	0	1
1020	886	909.836	117.5	5.748274	0	1
1021	886	910.721	117.5	5.956884	0	1
1022	887	911.574	117.7	5.783957	0	1
1023	888	912.452	117.3	5.313463	0	1
1024	889	913.341	117.1	5.742071	0	1
1025	890	914.229	115.0	7.486749	0	1
1026	891	915.111	117.5	9.510863	0	1
1027	892	916.006	117.1	10.952363	0	1
1028	893	916.859	110.2	11.359676	0	1
1029	893	917.776	110.2	10.071686	0	1
1030	894	918.615	111.5	8.438804	0	1
1031	895	919.530	111.3	6.896041	0	1
1032	896	920.393	110.6	6.008018	0	1
1033	897	921.260	111.5	5.244542	0	1
1034	898	922.098	112.5	5.195498	0	1
1035	898	922.957	112.5	5.259995	0	1
1036	899	923.815	112.0	4.020334	0	1
1037	900	924.696	111.9	3.942657	0	1
1038	901	925.593	112.6	3.349550	0	1
1039	902	926.480	113.6	3.487698	0	1
1040	903	927.360	114.5	3.811178	0	1
1041	904	928.259	114.6	4.683932	0	1
1042	905	929.143	116.1	4.574256	0	1
1043	905	930.054	116.1	4.399632	0	1
1044	906	930.929	114.6	5.439334	0	1
1045	907	931.841	115.1	4.929423	0	1
1046	908	932.729	114.6	3.819442	0	1
1047	909	933.600	116.0	2.546681	0	1
1048	910	934.480	116.5	3.262591	0	1
1049	911	935.359	115.6	3.760288	0	1
1050	912	936.258	119.0	2.363694	0	1
1051	912	937.124	119.0	2.638218	0	1
1052	913	938.041	123.3	2.793748	0	1
1053	914	938.951	127.9	2.495373	0	1
1054	915	939.822	126.3	2.918284	0	1
1055	916	940.702	125.8	2.884940	0	1
1056	917	941.612	126.7	3.088079	0	1
1057	918	942.504	126.4	3.217947	0	1
1058	919	943.398	124.1	2.765624	0	1
1059	919	944.318	124.1	2.563462	0	1
1060	920	945.240	128.8	2.728489	0	1
1061	921	946.156	127.0	3.034466	0	1
1062	922	947.071	127.7	2.941280	0	1
1063	923	948.005	128.4	2.842559	0	1
1064	924	948.927	127.0	2.884114	0	1
1065	925	949.829	127.7	3.028345	0	1
1066	926	950.696	124.3	3.280682	0	1
1067	927	951.593	123.9	3.062927	0	1
1068	927	952.488	123.9	3.370333	0	1
1069	928	953.368	123.1	3.731642	0	1
1070	929	954.271	122.9	3.780743	0	1
1071	930	955.174	122.6	3.948857	0	1
1072	931	956.064	121.8	4.207344	0	1
1073	932	956.991	120.1	4.404018	0	1
1074	933	957.896	119.4	4.453180	0	1
1075	934	958.803	119.6	4.978503	0	1
1076	935	959.712	118.2	4.936014	0	1
1077	935	960.616	118.2	5.397999	0	1
1078	936	961.528	119.5	5.358026	0	1
1079	937	962.424	119.5	5.536536	0	1
1080	938	963.322	119.4	5.757288	0	1
1081	939	964.249	119.0	5.744123	0	1
1082	940	965.092	118.8	5.926741	0	1
1083	941	965.963	118.1	6.438959	0	1
1084	942	966.859	117.7	6.839446	0	1
1085	942	967.761	117.7	7.552542	0	1
1086	943	968.652	118.6	8.385717	0	1
1087	944	969.557	118.6	9.977358	0	1
1088	945	970.473	118.8	10.416256	0	1
1089	946	971.377	119.0	9.713837	0	1
1090	947	972.261	119.0	9.804273	0	1
1091	948	973.102	119.9	9.823802	0	1
1092	949	973.986	120.7	9.013261	0	1
1093	949	974.904	120.7	9.070428	0	1
1094	950	975.799	121.1	9.153559	0	1
1095	951	976.693	120.9	8.740617	0	1
1096	952	977.574	120.2	8.687610	0	1
1097	953	978.474	119.8	8.730799	0	1
1098	954	979.339	120.2	8.454705	0	1
1099	955	980.232	119.5	8.416537	0	1
1100	956	981.117	121.2	8.686266	0	1
1101	956	982.007	121.2	9.550517	0	1
1102	957	982.917	121.7	9.467541	0	1
1103	958	983.808	121.0	8.795229	0	1
1104	959	984.716	121.7	9.452737	0	1
1105	960	985.629	122.1	8.474048	0	1
1106	961	986.516	121.9	6.916345	0	1
1107	962	987.424	122.4	7.886361	0	1
1108	963	988.286	122.6	8.202012	0	1
1109	964	989.181	122.8	8.594630	0	1
1110	964	990.091	122.8	9.110133	0	1
1111	965	991.004	123.2	9.773614	0	1
1112	966	991.907	122.1	10.034589	0	1
1113	967	992.811	123.2	10.308451	0	1
1114	968	993.701	122.0	10.099064	0	1
1115	969	994.588	121.8	9.180421	0	1
1116	970	995.497	122.3	8.645624	0	1
1117	971	996.394	120.6	8.505230	0	1
1118	972	997.328	120.1	8.275015	0	1
1119	972	998.235	120.1	8.106381	0	1
1120	973	999.129	119.9	6.851005	0	1
1121	974	1000.026	120.4	6.429177	0	1
1122	975	1000.890	121.5	6.623236	0	1
1123	976	1001.800	122.2	6.755189	0	1
1124	977	1002.722	120.5	6.619504	0	1
1125	978	1003.663	120.8	5.395182	0	1
1126	979	1004.581	121.2	4.493355	0	1
1127	980	1005.481	121.5	4.728513	0	1
1128	980	1006.424	121.5	5.304111	0	1
1129	981	1007.328	121.9	5.881621	0	1
1130	982	1008.233	120.2	5.746260	0	1
1131	983	1009.090	118.8	6.236720	0	1
1132	984	1009.948	118.0	5.887966	0	1
1133	985	1010.825	117.4	5.740749	0	1
1134	986	1011.718	114.2	5.509060	0	1
1135	987	1012.601	111.7	5.810169	0	1
1136	987	1013.476	111.7	6.650290	0	1
1137	988	1014.364	106.7	6.672459	0	1
1138	989	1015.281	107.5	6.403237	0	1
1139	990	1016.196	108.7	6.701286	0	1
1140	991	1017.098	108.0	6.506399	0	1
1141	992	1018.008	107.8	6.219209	0	1
1142	993	1018.899	108.1	5.961942	0	1
1143	994	1019.793	110.0	5.942302	0	1
1144	994	1020.716	110.0	5.716995	0	1
1145	995	1021.630	110.5	4.910117	0	1
1146	996	1022.545	112.2	4.093383	0	1
1147	997	1023.465	114.4	2.831990	0	1
1148	998	1024.360	116.8	2.854484	0	1
1149	999	1025.225	118.5	3.191303	0	1
1150	1000	1026.104	121.2	2.764025	0	1
1151	1001	1027.047	122.4	2.924263	0	1
1152	1002	1027.961	122.8	2.866952	0	1
1153	1002	1028.867	122.8	2.796722	0	1
1154	1003	1029.761	124.8	2.768229	0	1
1155	1004	1030.660	123.8	2.822742	0	1
1156	1005	1031.551	124.3	2.880159	0	1
1157	1006	1032.459	124.2	2.539882	0	1
1158	1007	1033.361	123.8	2.244084	0	1
1159	1008	1034.235	122.7	4.125402	0	1
1160	1009	1035.190	122.7	4.120668	0	1
1161	1010	1036.107	122.2	4.262789	0	1
1162	1011	1037.046	122.9	4.181799	0	1
1163	1011	1037.952	122.9	3.920064	0	1
1164	1012	1038.840	123.4	4.057432	0	1
1165	1013	1039.734	122.8	4.194269	0	1
1166	1014	1040.624	121.4	4.537044	0	1
1167	1015	1041.479	121.1	4.916456	0	1
1168	1016	1042.358	120.6	5.198568	0	1
1169	1017	1043.244	120.5	4.371405	0	1
1170	1017	1044.146	120.5	4.759810	0	1
1171	1018	1045.041	118.4	5.931166	0	1
1172	1019	1045.951	118.3	5.844827	0	1
1173	1020	1046.840	115.8	4.354419	0	1
1174	1021	1047.741	115.8	4.642173	0	1
1175	1022	1048.651	114.5	4.753403	0	1
1176	1023	1049.539	117.5	5.144339	0	1
1177	1024	1050.402	117.1	3.387160	0	1
1178	1025	1051.314	116.8	1.835532	0	1
1179	1025	1052.240	116.8	2.610359	0	1
1180	1026	1053.118	116.8	3.675184	0	1
1181	1027	1054.049	117.5	4.063569	0	1
1182	1028	1054.932	115.4	4.128465	0	1
1183	1029	1055.827	118.8	4.222795	0	1
1184	1030	1056.736	116.7	5.017307	0	1
1185	1031	1057.626	118.6	5.365640	0	1
1186	1032	1058.557	119.1	6.139263	0	1
1187	1033	1059.464	118.2	6.789072	0	1
1188	1033	1060.346	118.2	6.251669	0	1
1189	1034	1061.264	117.8	5.774875	0	1
1190	1035	1062.159	117.7	5.455095	0	1
1191	1036	1063.050	116.0	5.751723	0	1
1192	1037	1063.959	118.7	5.942193	0	1
1193	1038	1064.853	116.1	5.981655	0	1
1194	1039	1065.746	117.1	5.232994	0	1
1195	1040	1066.652	116.4	4.486723	0	1
1196	1040	1067.555	116.4	4.113320	0	1
1197	1041	1068.457	114.7	3.723080	0	1
1198	1042	1069.359	111.2	2.567878	0	1
1199	1043	1070.279	107.6	2.132106	0	1
1200	1044	1071.179	104.0	3.180376	0	1
1201	1045	1072.091	101.8	3.977486	0	1
1202	1046	1072.956	95.6	4.643393	0	1
1203	1047	1073.841	91.2	3.590755	0	1
1204	1048	1074.748	89.3	3.787907	0	1
1205	1048	1075.728	89.3	4.648470	0	1
1206	1049	1076.651	89.6	4.711604	0	1
1207	1050	1077.559	88.8	5.217092	0	1
1208	1051	1078.457	88.5	6.060876	0	1
1209	1052	1079.392	87.8	6.356699	0	1
1210	1053	1080.290	88.0	6.284007	0	1
1211	1054	1081.173	86.2	6.541478	0	1
1212	1055	1082.060	86.2	5.732590	0	1
1213	1056	1082.966	89.6	5.488957	0	1
1214	1056	1083.881	89.6	5.756483	0	1
1215	1057	1084.792	89.6	5.975448	0	1
1216	1058	1085.666	95.8	6.124091	0	1
1217	1059	1086.610	97.4	5.977731	0	1
1218	1060	1087.481	107.1	5.438744	0	1
1219	1061	1088.374	118.5	4.300396	0	1
1220	1062	1089.289	125.4	4.362735	0	1
1221	1063	1090.169	121.6	4.957971	0	1
1222	1064	1091.084	117.2	4.734998	0	1
1223	1064	1091.969	117.2	4.362759	0	1
1224	1065	1092.860	113.0	4.682809	0	1
1225	1066	1093.771	106.7	5.110782	0	1
1226	1067	1094.687	96.3	5.691361	0	1
1227	1068	1095.554	79.1	7.174984	0	1
1228	1069	1096.442	79.1	8.798150	0	1
1229	1070	1097.354	57.9	9.461903	0	1
1230	1071	1098.231	57.4	10.821243	0	1
1231	1071	1099.098	57.4	10.305191	0	1
1232	1072	1099.966	35.0	11.884549	0	1
1233	1073	1100.862	34.8	15.690946	0	1
1234	1074	1101.749	35.0	15.376608	0	1
1235	1075	1102.641	0.0	16.357838	0	1
1236	1076	1103.560	0.0	19.706287	0	1
1237	1077	1104.456	0.0	19.578327	0	1
1238	1078	1105.377	0.0	17.940986	0	1
1239	1079	1106.303	0.0	15.370545	0	1
1240	1079	1107.202	0.0	14.273386	0	1
1241	1080	1108.076	0.0	12.630660	0	1
1242	1081	1108.928	0.0	9.279288	0	1
1243	1082	1109.816	0.0	6.675512	0	1
1244	1083	1110.693	0.0	0.000000	1	1
1245	1084	1111.593	0.0	4.021067	0	1
1246	1085	1112.433	0.0	0.000000	1	1
1247	1086	1113.453	0.0	0.000000	1	1
1248	1086	1114.440	0.0	0.000000	1	1
1249	1087	1115.312	0.0	0.000000	1	1
1250	1088	1116.202	0.0	0.000000	1	1
1251	1089	1117.114	0.0	0.000000	1	1
1252	1090	1118.044	0.0	0.000000	1	1
1253	1091	1118.992	0.0	0.000000	1	1
1254	1092	1119.948	0.0	0.000000	1	1
1255	1093	1120.865	91.8	17.728869	0	1
1256	1094	1121.729	0.0	18.385020	0	1
1257	1095	1122.610	47.1	16.150308	0	1
1258	1095	1123.507	47.1	16.968715	0	1
1259	1096	1124.418	47.1	11.577580	0	1
1260	1097	1125.301	61.5	8.804876	0	1
1261	1098	1126.167	61.6	6.807864	0	1
1262	1099	1127.007	66.2	5.478464	0	1
1263	1100	1127.864	66.2	5.648174	0	1
1264	1100	1128.697	66.2	4.993279	0	1
1265	1101	1129.596	67.1	4.156684	0	1
1266	1102	1130.465	67.5	3.680868	0	1
1267	1103	1131.328	69.4	3.419791	0	1
1268	1104	1132.196	68.9	3.158377	0	1
1269	1105	1133.023	68.3	3.160475	0	1
1270	1106	1133.853	68.3	3.613325	0	1
1271	1106	1134.707	68.3	2.866653	0	1
1272	1107	1135.599	67.8	2.845704	0	1
1273	1108	1136.510	67.7	2.797738	0	1
1274	1109	1137.354	67.5	2.700997	0	1
1275	1110	1138.227	67.0	2.674369	0	1
1276	1111	1139.106	66.6	2.539047	0	1
1277	1112	1139.970	66.1	2.963282	0	1
1278	1112	1140.852	66.1	2.173277	0	1
1279	1113	1141.734	67.2	2.227495	0	1
1280	1114	1142.599	66.9	1.934906	0	1
1281	1115	1143.455	66.7	1.528960	0	1
1282	1116	1144.326	66.8	1.702127	0	1
1283	1117	1145.209	71.3	2.235919	0	1
1284	1118	1146.065	71.3	3.098080	0	1
1285	1118	1146.929	71.3	1.738176	0	1
1286	1119	1147.797	69.7	2.348630	0	1
1287	1120	1148.676	69.7	2.834373	0	1
1288	1121	1149.532	67.8	2.531805	0	1
1289	1122	1150.400	67.8	3.361054	0	1
1290	1123	1151.245	69.0	3.279441	0	1
1291	1123	1152.104	69.0	3.845054	0	1
1292	1124	1152.985	69.0	3.717725	0	1
1293	1125	1153.833	69.5	4.724869	0	1
1294	1126	1154.704	69.2	5.075006	0	1
1295	1127	1155.544	69.0	4.940140	0	1
1296	1128	1156.394	68.9	5.861907	0	1
1297	1129	1157.288	68.3	5.957131	0	1
1298	1129	1158.158	68.3	5.361684	0	1
1299	1130	1159.027	68.4	5.586837	0	1
1300	1131	1159.906	68.1	5.478477	0	1
1301	1132	1160.788	68.0	5.487899	0	1
1302	1133	1161.654	68.0	5.218026	0	1
1303	1134	1162.524	67.5	5.251449	0	1
1304	1135	1163.399	66.8	5.520642	0	1
1305	1135	1164.306	66.8	5.488775	0	1
1306	1136	1165.164	66.7	5.472495	0	1
1307	1137	1166.068	66.7	5.553478	0	1
1308	1138	1166.946	66.6	5.716556	0	1
1309	1139	1167.816	66.3	5.710958	0	1
1310	1140	1168.674	66.3	5.817517	0	1
1311	1141	1169.524	66.6	6.331110	0	1
1312	1141	1170.370	66.6	5.876915	0	1
1313	1142	1171.259	66.9	5.665141	0	1
1314	1143	1172.167	65.8	5.245485	0	1
1315	1144	1173.027	65.5	4.845824	0	1
1316	1145	1173.896	65.7	4.743934	0	1
1317	1146	1174.744	66.0	4.871292	0	1
1318	1147	1175.625	65.0	5.466367	0	1
1319	1147	1176.473	65.0	5.093455	0	1
1320	1148	1177.350	65.5	5.095786	0	1
1321	1149	1178.171	63.3	5.677976	0	1
1322	1150	1179.053	63.8	6.419413	0	1
1323	1151	1179.933	63.5	6.405684	0	1
1324	1152	1180.789	63.7	7.484742	0	1
1325	1152	1181.644	63.7	7.515685	0	1
1326	1153	1182.512	60.7	7.678979	0	1
1327	1154	1183.370	61.0	7.589651	0	1
1328	1155	1184.257	56.1	7.672438	0	1
1329	1156	1185.159	56.1	7.129430	0	1
1330	1157	1186.023	49.9	6.547534	0	1
1331	1158	1186.855	49.9	8.927226	0	1
1332	1158	1187.754	49.9	10.224022	0	1
1333	1159	1188.658	41.1	10.583481	0	1
1334	1160	1189.568	41.1	10.086163	0	1
1335	1161	1190.461	41.1	9.273138	0	1
1336	1162	1191.314	30.4	7.279476	0	1
1337	1163	1192.155	30.5	6.431866	0	1
1338	1164	1193.038	30.7	6.310762	0	1
1339	1165	1193.888	23.7	4.720116	0	1
1340	1165	1194.747	23.7	5.345653	0	1
1341	1166	1195.632	24.0	4.859650	0	1
1342	1167	1196.539	23.7	4.308695	0	1
1343	1168	1197.394	24.0	4.864104	0	1
1344	1169	1198.250	35.0	4.229111	0	1
1345	1170	1199.144	35.1	5.087561	0	1
1346	1171	1200.019	34.7	4.243128	0	1
1347	1171	1200.913	34.7	4.075333	0	1
1348	1172	1201.756	42.1	3.337534	0	1
1349	1173	1202.632	42.1	3.123482	0	1
1350	1174	1203.503	42.1	3.156611	0	1
1351	1175	1204.369	43.9	3.192610	0	1
1352	1176	1205.203	44.1	3.879842	0	1
1353	1176	1206.084	44.1	3.262473	0	1
1354	1177	1206.962	43.9	8.388103	0	1
1355	1178	1207.830	35.1	13.049340	0	1
1356	1179	1208.739	35.0	13.810082	0	1
1357	1180	1209.568	35.0	15.021742	0	1
1358	1181	1210.427	29.8	15.798278	0	1
1359	1182	1211.282	29.8	16.115374	0	1
1360	1182	1212.156	29.8	15.873274	0	1
1361	1183	1213.010	29.5	14.668265	0	1
1362	1184	1213.852	29.6	14.750534	0	1
1363	1185	1214.697	30.1	15.145884	0	1
1364	1186	1215.573	29.7	14.373617	0	1
1365	1187	1216.440	30.1	15.115612	0	1
1366	1187	1217.297	30.1	15.282988	0	1
1367	1188	1218.168	30.1	14.600818	0	1
1368	1189	1219.019	28.4	14.939600	0	1
1369	1190	1219.897	28.4	14.402155	0	1
1370	1191	1220.764	28.1	14.686414	0	1
1371	1192	1221.644	28.2	15.708956	0	1
1372	1193	1222.474	35.2	16.282888	0	1
1373	1193	1223.330	35.2	14.613109	0	1
1374	1194	1224.244	34.7	15.352485	0	1
1375	1195	1225.124	34.7	16.166313	0	1
1376	1196	1225.976	35.4	14.869637	0	1
1377	1197	1226.856	35.5	13.254696	0	1
1378	1198	1227.703	35.4	14.805515	0	1
1379	1199	1228.551	31.4	10.741457	0	1
1380	1199	1229.395	31.4	5.218124	0	1
1381	1200	1230.272	31.4	4.398201	0	1
1382	1201	1231.138	31.5	4.574789	0	1
1383	1202	1232.032	18.5	4.720343	0	1
1384	1203	1232.908	18.5	4.699354	0	1
1385	1204	1233.780	18.8	4.598853	0	1
1386	1205	1234.662	18.5	4.437479	0	1
1387	1205	1235.506	18.5	4.208902	0	1
1388	1206	1236.331	18.8	4.608410	0	1
1389	1207	1237.164	30.6	5.032355	0	1
1390	1208	1238.048	30.6	5.177567	0	1
1391	1209	1238.881	30.6	6.110046	0	1
1392	1210	1239.755	33.9	7.931835	0	1
1393	1210	1240.613	33.9	9.229812	0	1
1394	1211	1241.530	33.5	9.688377	0	1
1395	1212	1242.379	33.7	10.029941	0	1
1396	1213	1243.234	35.0	10.376461	0	1
1397	1214	1244.116	35.0	10.624004	0	1
1398	1215	1244.927	35.4	10.694505	0	1
1399	1215	1245.786	35.4	10.804528	0	1
1400	1216	1246.663	32.9	10.647439	0	1
1401	1217	1247.544	32.9	10.647897	0	1
1402	1218	1248.417	32.5	10.802347	0	1
1403	1219	1249.313	39.4	10.213425	0	1
1404	1220	1250.112	39.4	9.977558	0	1
1405	1221	1250.988	38.9	10.587892	0	1
1406	1221	1251.869	38.9	10.041240	0	1
1407	1222	1252.731	58.5	7.631263	0	1
1408	1223	1253.646	58.4	3.527634	0	1
1409	1224	1254.550	61.6	3.636126	0	1
1410	1225	1255.446	61.4	3.394457	0	1
1411	1226	1256.302	59.2	3.158238	0	1
1412	1227	1257.146	58.9	3.302700	0	1
1413	1227	1258.005	58.9	2.616720	0	1
1414	1228	1258.842	50.3	2.755969	0	1
1415	1229	1259.688	50.7	2.318911	0	1
1416	1230	1260.570	43.7	2.407579	0	1
1417	1231	1261.439	44.0	2.673379	0	1
1418	1232	1262.275	43.7	2.402716	0	1
1419	1233	1263.171	50.1	2.378280	0	1
1420	1233	1264.035	50.1	2.334348	0	1
1421	1234	1264.929	49.6	4.721190	0	1
1422	1235	1265.795	50.4	8.105168	0	1
1423	1236	1266.691	50.1	9.536960	0	1
1424	1237	1267.554	47.0	8.710563	0	1
1425	1238	1268.393	46.7	9.645571	0	1
1426	1239	1269.258	31.3	9.832322	0	1
1427	1239	1270.150	31.3	9.997827	0	1
1428	1240	1271.010	31.6	9.906387	0	1
1429	1241	1271.836	31.3	9.817318	0	1
1430	1242	1272.704	25.6	10.207884	0	1
1431	1243	1273.564	25.6	11.097800	0	1
1432	1244	1274.460	25.6	9.558438	0	1
1433	1245	1275.396	25.6	6.727649	0	1
1434	1245	1276.275	25.6	4.925732	0	1
1435	1246	1277.138	43.1	4.265967	0	1
1436	1247	1277.966	43.1	4.144503	0	1
1437	1248	1278.865	43.1	4.257454	0	1
1438	1249	1279.755	38.3	4.308662	0	1
1439	1250	1280.595	38.5	4.368584	0	1
1440	1251	1281.492	38.5	4.352606	0	1
1441	1251	1282.384	38.5	5.463954	0	1
1442	1252	1283.277	35.1	7.388220	0	1
1443	1253	1284.143	34.7	7.574925	0	1
1444	1254	1285.004	35.1	6.715559	0	1
1445	1255	1285.814	44.5	6.597404	0	1
1446	1256	1286.673	44.5	5.444902	0	1
1447	1257	1287.597	44.5	3.418852	0	1
1448	1257	1288.485	44.5	6.216589	0	1
1449	1258	1289.338	53.0	6.985209	0	1
1450	1259	1290.199	53.5	4.459507	0	1
1451	1260	1291.081	52.3	3.531012	0	1
1452	1261	1291.949	52.3	3.041047	0	1
1453	1262	1292.820	43.1	3.780831	0	1
1454	1263	1293.707	43.3	5.063261	0	1
1455	1263	1294.628	43.3	4.828302	0	1
1456	1264	1295.546	43.3	4.454510	0	1
1457	1265	1296.404	54.6	5.442415	0	1
1458	1266	1297.271	54.4	5.199675	0	1
1459	1267	1298.139	55.1	5.157858	0	1
1460	1268	1298.968	54.9	7.187382	0	1
1461	1269	1299.821	48.0	8.999770	0	1
1462	1269	1300.698	48.0	8.419694	0	1
1463	1270	1301.593	47.9	7.743374	0	1
1464	1271	1302.467	33.1	6.973802	0	1
1465	1272	1303.323	33.1	5.844554	0	1
1466	1273	1304.212	33.1	4.897003	0	1
1467	1274	1305.086	40.1	6.331314	0	1
1468	1275	1305.942	39.7	7.316234	0	1
1469	1275	1306.842	39.7	3.212602	0	1
1470	1276	1307.734	39.7	3.083595	0	1
1471	1277	1308.593	51.8	4.936234	0	1
1472	1278	1309.405	51.8	5.268493	0	1
1473	1279	1310.309	55.9	4.085776	0	1
1474	1280	1311.157	55.5	3.561381	0	1
1475	1281	1312.075	54.5	3.484951	0	1
1476	1281	1312.943	54.5	3.028282	0	1
1477	1282	1313.800	54.5	2.848808	0	1
1478	1283	1314.707	53.3	2.827435	0	1
1479	1284	1315.551	53.2	3.633473	0	1
1480	1285	1316.413	52.4	5.210866	0	1
1481	1286	1317.285	52.0	5.584100	0	1
1482	1287	1318.149	51.0	5.159979	0	1
1483	1287	1318.996	51.0	4.585147	0	1
1484	1288	1319.874	50.9	5.224639	0	1
1485	1289	1320.751	49.4	6.204175	0	1
1486	1290	1321.610	49.4	9.513058	0	1
1487	1291	1322.494	42.0	8.588301	0	1
1488	1292	1323.381	42.1	10.814874	0	1
1489	1293	1324.265	41.6	10.767084	0	1
1490	1293	1325.124	41.6	10.854462	0	1
1491	1294	1325.954	24.9	11.401148	0	1
1492	1295	1326.808	24.9	9.979674	0	1
1493	1296	1327.677	25.3	9.837176	0	1
1494	1297	1328.536	24.9	11.507717	0	1
1495	1298	1329.402	18.0	11.190516	0	1
1496	1298	1330.255	18.0	11.089050	0	1
1497	1299	1331.131	18.1	9.832231	0	1
1498	1300	1332.000	18.0	8.379567	0	1
1499	1301	1332.861	18.1	6.649900	0	1
1500	1302	1333.724	18.1	6.170621	0	1
1501	1303	1334.581	26.7	6.099193	0	1
1502	1303	1335.452	26.7	5.701065	0	1
1503	1304	1336.360	26.7	4.020217	0	1
1504	1305	1337.236	26.7	3.611189	0	1
1505	1306	1338.131	26.7	3.828916	0	1
1506	1307	1338.998	18.6	3.261053	0	1
1507	1308	1339.858	18.3	2.367527	0	1
1508	1309	1340.720	18.3	3.423363	0	1
1509	1310	1341.603	18.3	2.958212	0	1
1510	1310	1342.482	18.3	2.896594	0	1
1511	1311	1343.355	18.6	2.632735	0	1
1512	1312	1344.191	24.6	4.024367	0	1
1513	1313	1345.060	24.7	6.903150	0	1
1514	1314	1345.940	24.9	8.723887	0	1
1515	1315	1346.796	24.6	8.395557	0	1
1516	1315	1347.644	24.6	8.502209	0	1
1517	1316	1348.508	24.9	8.827809	0	1
1518	1317	1349.349	34.5	8.928473	0	1
1519	1318	1350.230	34.5	8.856334	0	1
1520	1319	1351.113	34.5	7.154711	0	1
1521	1320	1351.947	47.8	9.095020	0	1
1522	1321	1352.827	48.0	9.516431	0	1
1523	1321	1353.691	48.0	8.154235	0	1
1524	1322	1354.571	54.4	8.637464	0	1
1525	1323	1355.418	54.2	8.977992	0	1
1526	1324	1356.298	45.8	8.828405	0	1
1527	1325	1357.179	45.6	9.910776	0	1
1528	1326	1358.027	34.3	10.064233	0	1
1529	1327	1358.899	33.9	10.274011	0	1
1530	1327	1359.756	33.9	8.727243	0	1
1531	1328	1360.625	34.3	5.195376	0	1
1532	1329	1361.503	46.6	3.096194	0	1
1533	1330	1362.342	46.2	3.532269	0	1
1534	1331	1363.243	52.7	3.050564	0	1
1535	1332	1364.074	52.4	3.168881	0	1
1536	1332	1364.952	52.4	2.630056	0	1
1537	1333	1365.835	55.2	2.302747	0	1
1538	1334	1366.741	54.9	2.384716	0	1
1539	1335	1367.642	56.9	2.759650	0	1
1540	1336	1368.514	57.0	2.911365	0	1
1541	1337	1369.410	57.9	3.218563	0	1
1542	1338	1370.279	57.9	3.377257	0	1
1543	1339	1371.173	56.0	3.130649	0	1
1544	1339	1372.051	56.0	3.072160	0	1
1545	1340	1372.942	56.0	3.020582	0	1
1546	1341	1373.845	51.7	3.098504	0	1
1547	1342	1374.689	51.6	3.142317	0	1
1548	1343	1375.555	47.1	3.239477	0	1
1549	1344	1376.418	47.1	5.733116	0	1
1550	1345	1377.308	43.3	4.970575	0	1
1551	1345	1378.214	43.3	4.570482	0	1
1552	1346	1379.117	43.3	4.292625	0	1
1553	1347	1379.955	42.9	4.180436	0	1
1554	1348	1380.823	40.1	4.932062	0	1
1555	1349	1381.679	39.8	5.128183	0	1
1556	1350	1382.522	39.7	4.998337	0	1
1557	1351	1383.397	32.3	4.416075	0	1
1558	1351	1384.281	32.3	5.026250	0	1
1559	1352	1385.138	31.9	4.427287	0	1
1560	1353	1386.008	32.3	3.890796	0	1
1561	1354	1386.846	14.6	4.970219	0	1
1562	1355	1387.706	14.9	12.397345	0	1
1563	1356	1388.589	14.5	11.707269	0	1
1564	1357	1389.510	15.0	10.786536	0	1
1565	1357	1390.396	15.0	10.920219	0	1
1566	1358	1391.290	14.5	11.491355	0	1
1567	1359	1392.112	14.9	11.580650	0	1
1568	1360	1393.005	14.6	10.863797	0	1
1569	1361	1393.859	51.1	11.556483	0	1
1570	1362	1394.723	50.9	12.817297	0	1
1571	1363	1395.629	56.7	6.243847	0	1
1572	1363	1396.520	56.7	4.536778	0	1
1573	1364	1397.417	56.7	3.801664	0	1
1574	1365	1398.299	59.3	3.380096	0	1
1575	1366	1399.197	59.6	3.334817	0	1
1576	1367	1400.088	59.9	3.440384	0	1
1577	1368	1400.971	59.9	3.832583	0	1
1578	1369	1401.853	58.6	3.328052	0	1
1579	1370	1402.740	58.4	2.632595	0	1
1580	1370	1403.628	58.4	2.422371	0	1
1581	1371	1404.516	57.3	2.257874	0	1
1582	1372	1405.401	57.2	2.291181	0	1
1583	1373	1406.306	56.8	2.348421	0	1
1584	1374	1407.139	57.0	2.579706	0	1
1585	1375	1407.997	54.8	3.239872	0	1
1586	1376	1408.868	54.8	2.184898	0	1
1587	1376	1409.731	54.8	2.178097	0	1
1588	1377	1410.633	55.2	2.220280	0	1
1589	1378	1411.503	54.8	2.348877	0	1
1590	1379	1412.384	55.3	2.512874	0	1
1591	1380	1413.246	55.5	2.860578	0	1
1592	1381	1414.072	54.9	3.194768	0	1
1593	1382	1414.965	55.1	2.442435	0	1
1594	1382	1415.871	55.1	2.500358	0	1
1595	1383	1416.748	48.5	5.345318	0	1
1596	1384	1417.623	48.0	6.063514	0	1
1597	1385	1418.503	48.5	5.010357	0	1
1598	1386	1419.381	48.3	3.929398	0	1
1599	1387	1420.209	49.1	3.768133	0	1
1600	1388	1421.107	48.9	3.171404	0	1
1601	1388	1421.979	48.9	3.279062	0	1
1602	1389	1422.876	50.0	3.131931	0	1
1603	1390	1423.760	50.3	3.014148	0	1
1604	1391	1424.643	49.8	2.920170	0	1
1605	1392	1425.510	50.1	2.961731	0	1
1606	1393	1426.332	50.9	3.838481	0	1
1607	1394	1427.228	51.2	7.507775	0	1
1608	1394	1428.116	51.2	7.025594	0	1
1609	1395	1429.028	50.4	7.002097	0	1
1610	1396	1429.917	50.5	7.080188	0	1
1611	1397	1430.785	38.0	7.422916	0	1
1612	1398	1431.678	38.4	8.902470	0	1
1613	1399	1432.563	38.1	9.182281	0	1
1614	1400	1433.436	19.2	9.168262	0	1
1615	1401	1434.310	19.4	13.170666	0	1
1616	1401	1435.212	19.4	9.825587	0	1
1617	1402	1436.130	19.2	6.585730	0	1
1618	1403	1437.046	19.2	5.115984	0	1
1619	1404	1437.945	19.5	4.350309	0	1
1620	1405	1438.818	19.1	3.863645	0	1
1621	1406	1439.739	48.6	5.147818	0	1
1622	1407	1440.599	48.8	9.784254	0	1
1623	1408	1441.536	46.1	13.558904	0	1
1624	1409	1442.442	46.1	16.043534	0	1
1625	1409	1443.339	46.1	15.376775	0	1
1626	1410	1444.222	37.9	15.551534	0	1
1627	1411	1445.100	38.1	15.286407	0	1
1628	1412	1445.957	37.9	15.226020	0	1
1629	1413	1446.834	21.7	15.432848	0	1
1630	1414	1447.686	21.3	14.512146	0	1
1631	1415	1448.588	21.3	10.137490	0	1
1632	1415	1449.484	21.3	6.693577	0	1
1633	1416	1450.342	21.7	6.985452	0	1
1634	1417	1451.187	21.3	6.816025	0	1
1635	1418	1452.040	44.9	6.317528	0	1
1636	1419	1452.927	44.9	7.053380	0	1
1637	1420	1453.800	44.9	4.115669	0	1
1638	1421	1454.677	46.7	4.269883	0	1
1639	1421	1455.529	46.7	5.735354	0	1
1640	1422	1456.396	46.4	9.444901	0	1
1641	1423	1457.251	41.2	9.500190	0	1
1642	1424	1458.131	41.4	11.553268	0	1
1643	1425	1458.999	41.2	11.601235	0	1
1644	1426	1459.853	31.2	11.246770	0	1
1645	1427	1460.765	31.4	12.235561	0	1
1646	1427	1461.637	31.4	9.973381	0	1
1647	1428	1462.549	31.2	11.004966	0	1
1648	1429	1463.426	32.8	11.560296	0	1
1649	1430	1464.319	32.9	12.546671	0	1
1650	1431	1465.183	32.8	9.301903	0	1
1651	1432	1466.045	32.7	10.319318	0	1
1652	1433	1466.895	32.6	9.905132	0	1
1653	1433	1467.796	32.6	6.935454	0	1
1654	1434	1468.670	32.5	6.208629	0	1
1655	1435	1469.516	33.5	5.862762	0	1
1656	1436	1470.399	33.1	5.574305	0	1
1657	1437	1471.267	33.1	4.948132	0	1
1658	1438	1472.165	35.9	5.390321	0	1
1659	1439	1473.062	35.9	5.151735	0	1
1660	1439	1473.924	35.9	5.415193	0	1
1661	1440	1474.796	35.9	5.440652	0	1
1662	1441	1475.674	0.0	5.371013	0	1
1663	1441	1476.580	0.0	6.964499	0	0
1664	1441	1477.518	0.0	5.712735	0	0
1665	1441	1478.396	0.0	4.395237	0	0
1666	1441	1479.290	0.0	2.981253	0	0
1667	1441	1480.157	0.0	2.299577	0	0
1668	1441	1481.028	0.0	1.476575	0	0
1669	1441	1481.916	0.0	1.104701	0	0
1670	1441	1482.763	0.0	0.627534	0	0
1671	1441	1483.687	0.0	0.597413	0	0
1672	1441	1484.548	0.0	0.000000	1	0
1673	1441	1485.444	0.0	4.474359	0	0
1674	1441	1486.349	0.0	8.904228	0	0
1675	1441	1487.246	0.0	13.754316	0	0
1676	1441	1488.115	0.0	10.627326	0	0
1677	1441	1488.988	0.0	4.146995	0	0
1678	1441	1489.934	0.0	0.000000	1	0
1679	1441	1490.874	0.0	0.000000	1	0
1680	1441	1491.866	0.0	0.000000	1	0
1681	1441	1492.801	0.0	0.590979	0	0
1682	1441	1493.629	0.0	11.525624	0	0
1683	1441	1494.509	0.0	10.618696	0	0
1684	1441	1495.335	0.0	10.199831	0	0
1685	1441	1496.170	0.0	9.512953	0	0
1686	1441	1497.005	0.0	10.247693	0	0
1687	1441	1497.884	0.0	9.342310	0	0
1688	1441	1498.790	0.0	10.056625	0	0
1689	1441	1499.644	0.0	10.680725	0	0
1690	1441	1500.511	0.0	9.738253	0	0
1691	1441	1501.421	0.0	10.395983	0	0
1692	1441	1502.289	0.0	9.558312	0	0
1693	1441	1503.146	0.0	9.948247	0	0
1694	1441	1504.003	0.0	5.220650	0	0
1695	1441	1504.836	0.0	8.289933	0	0
1696	1441	1505.717	0.0	10.879135	0	0
1697	1441	1506.571	0.0	10.697996	0	0
1698	1441	1507.438	0.0	7.521133	0	0
1699	1441	1508.320	0.0	0.394752	0	0
1700	1441	1509.209	0.0	5.163316	0	0
1701	1441	1510.085	0.0	0.075378	0	0
1702	1441	1510.956	0.0	0.149471	0	0
1703	1441	1511.841	0.0	7.288307	0	0
1704	1441	1512.692	0.0	10.377801	0	0
1705	1441	1513.560	0.0	4.463953	0	0
1706	1441	1514.414	0.0	0.187278	0	0
1707	1441	1515.271	0.0	0.200920	0	0
1708	1441	1516.197	0.0	4.492937	0	0
1709	1441	1517.059	0.0	4.255431	0	0
1710	1441	1517.971	0.0	7.334558	0	0
1711	1441	1518.812	0.0	4.273964	0	0
1712	1441	1519.639	0.0	4.341440	0	0
1713	1441	1520.530	0.0	11.373647	0	0
1714	1441	1521.337	0.0	10.092797	0	0
1715	1441	1522.202	0.0	0.190158	0	0
1716	1441	1523.120	0.0	0.332860	0	0
1717	1441	1523.972	0.0	0.289585	0	0
1718	1441	1524.810	0.0	4.515650	0	0
1719	1441	1525.670	0.0	7.038395	0	0
1720	1441	1526.545	0.0	3.840482	0	0
1721	1441	1527.384	0.0	10.717691	0	0
1722	1441	1528.198	0.0	6.269381	0	0
1723	1441	1529.035	0.0	0.120208	0	0
1724	1441	1529.914	0.0	0.185301	0	0
1725	1441	1530.744	0.0	5.836062	0	0
1726	1441	1531.621	0.0	5.044137	0	0
1727	1441	1532.452	0.0	0.293913	0	0
1728	1441	1533.293	0.0	6.419170	0	0
1729	1441	1534.134	0.0	6.716133	0	0
1730	1441	1535.002	0.0	6.655581	0	0
1731	1441	1535.868	0.0	10.126850	0	0
1732	1441	1536.730	0.0	5.047106	0	0
1733	1441	1537.608	0.0	0.167087	0	0
1734	1441	1538.472	0.0	0.066213	0	0
1735	1441	1539.349	0.0	0.127844	0	0
1736	1441	1540.226	0.0	0.206006	0	0
1737	1441	1541.088	0.0	4.842863	0	0
1738	1441	1541.892	0.0	4.521146	0	0
1739	1441	1542.757	0.0	5.979031	0	0
1740	1441	1543.612	0.0	0.268141	0	0
1741	1441	1544.487	0.0	7.752875	0	0
